ds,y,tool,dz
7/27/2022,139.2483,23,dz3
7/27/2022,140.1334,8,dz3
7/28/2022,141.2626,8,dz3
7/28/2022,140.82,23,dz3
7/29/2022,140.2783,23,dz3
7/29/2022,140.347,8,dz3
7/30/2022,140.6598,8,dz3
7/30/2022,139.9426,23,dz3
7/31/2022,141.1862,8,dz3
7/31/2022,140.8124,23,dz3
8/6/2022,137.7453,8,dz3
8/6/2022,135.7845,23,dz3
8/7/2022,140.7743,23,dz3
8/7/2022,140.7743,8,dz3
8/10/2022,137.8903,23,dz3
8/10/2022,138.432,8,dz3
8/11/2022,141.0337,23,dz3
8/11/2022,140.4157,8,dz3
8/12/2022,141.026,23,dz3
8/12/2022,140.5911,8,dz3
8/13/2022,140.4004,23,dz3
8/13/2022,140.7437,8,dz3
8/14/2022,140.5454,23,dz3
8/14/2022,139.7672,8,dz3
8/15/2022,139.3933,23,dz3
8/15/2022,139.7977,8,dz3
8/18/2022,139.4543,8,dz3
8/18/2022,140.1334,23,dz3
8/19/2022,140.7666,8,dz3
8/19/2022,140.7743,23,dz3
8/20/2022,140.9879,8,dz3
8/20/2022,140.7056,23,dz3
8/21/2022,140.7285,23,dz3
8/21/2022,140.965,8,dz3
8/22/2022,140.0189,8,dz3
8/22/2022,139.1491,23,dz3
8/23/2022,140.1028,8,dz3
8/23/2022,138.5998,23,dz3
8/25/2022,137.5774,23,dz3
8/25/2022,135.9523,8,dz3
8/26/2022,129.5816,8,dz3
8/26/2022,1.503037,23,dz3
8/27/2022,140.1868,23,dz3
8/27/2022,139.6603,8,dz3
8/28/2022,139.9655,23,dz3
8/28/2022,139.0957,8,dz3
8/29/2022,139.9884,23,dz3
8/29/2022,139.523,8,dz3
8/30/2022,140.5606,23,dz3
8/30/2022,140.3928,8,dz3
8/31/2022,139.9503,8,dz3
8/31/2022,140.6217,23,dz3
9/5/2022,140.2173,23,dz3
9/5/2022,139.3704,8,dz3
9/6/2022,141.4686,23,dz3
9/6/2022,140.8887,8,dz3
9/7/2022,140.0189,23,dz3
9/7/2022,140.0342,8,dz3
9/8/2022,138.9508,23,dz3
9/8/2022,138.6608,8,dz3
9/12/2022,140.3775,8,dz3
9/12/2022,140.3546,23,dz3
9/13/2022,140.1334,8,dz3
9/13/2022,139.5688,23,dz3
9/14/2022,140.6598,23,dz3
9/14/2022,140.2783,8,dz3
9/15/2022,140.1944,23,dz3
9/15/2022,140.6827,8,dz3
9/16/2022,140.8124,23,dz3
9/16/2022,140.3775,8,dz3
9/17/2022,140.4462,8,dz3
9/17/2022,140.1868,23,dz3
9/18/2022,139.8206,23,dz3
9/18/2022,140.2707,8,dz3
9/20/2022,135.7005,23,dz3
9/20/2022,135.0291,8,dz3
9/21/2022,138.348,23,dz3
9/21/2022,138.6608,8,dz3
9/22/2022,137.7682,23,dz3
9/22/2022,137.4477,8,dz3
9/23/2022,138.3175,23,dz3
9/23/2022,138.3404,8,dz3
9/24/2022,137.5622,8,dz3
9/24/2022,137.7377,23,dz3
9/25/2022,135.7158,8,dz3
9/25/2022,87.66442,23,dz3
9/28/2022,135.9371,8,dz3
9/28/2022,135.9447,23,dz3
9/29/2022,140.202,8,dz3
9/29/2022,140.0266,23,dz3
10/1/2022,0,23,dz3
10/1/2022,0,8,dz3
10/2/2022,0,8,dz3
10/2/2022,0,23,dz3
10/3/2022,140.904,8,dz3
10/3/2022,140.2173,23,dz3
10/4/2022,140.1257,23,dz3
10/4/2022,140.1105,8,dz3
10/5/2022,140.6293,23,dz3
10/5/2022,140.8811,8,dz3
10/6/2022,139.8053,8,dz3
10/6/2022,139.8358,23,dz3
10/7/2022,139.7061,23,dz3
10/7/2022,140.4538,8,dz3
10/8/2022,140.2936,23,dz3
10/8/2022,140.4004,8,dz3
10/9/2022,140.347,23,dz3
10/9/2022,140.6522,8,dz3
10/10/2022,140.6827,8,dz3
10/10/2022,140.7819,23,dz3
10/11/2022,137.9284,23,dz3
10/11/2022,138.0123,8,dz3
10/12/2022,137.5851,23,dz3
10/12/2022,137.8674,8,dz3
10/13/2022,138.8669,23,dz3
10/13/2022,139.2941,8,dz3
10/14/2022,139.172,23,dz3
10/14/2022,138.9584,8,dz3
10/15/2022,139.3933,8,dz3
10/15/2022,138.1954,23,dz3
10/16/2022,139.6145,8,dz3
10/16/2022,139.3704,23,dz3
10/17/2022,138.8363,23,dz3
10/17/2022,139.584,8,dz3
10/18/2022,140.1715,8,dz3
10/20/2022,138.7677,23,dz3
10/20/2022,139.5077,8,dz3
10/21/2022,137.7224,23,dz3
10/21/2022,136.784,8,dz3
10/29/2022,139.6985,23,dz3
10/29/2022,140.5911,8,dz3
10/30/2022,107.0208,8,dz3
10/31/2022,139.8587,8,dz3
10/31/2022,139.0271,23,dz3
11/1/2022,140.8887,8,dz3
11/1/2022,141.2854,23,dz3
11/4/2022,0,8,dz3
11/4/2022,0,23,dz3
11/5/2022,0,8,dz3
11/5/2022,0,23,dz3
11/6/2022,0,23,dz3
11/6/2022,0,8,dz3
11/10/2022,141.5296,23,dz3
11/10/2022,140.8506,8,dz3
11/11/2022,141.6211,23,dz3
11/11/2022,140.6903,8,dz3
11/12/2022,141.3694,8,dz3
11/12/2022,141.4457,23,dz3
11/23/2022,139.7672,23,dz3
11/23/2022,139.7672,8,dz3
11/24/2022,141.3694,23,dz3
11/24/2022,141.2168,8,dz3
11/25/2022,141.4914,23,dz3
11/25/2022,141.3083,8,dz3
11/26/2022,139.7366,23,dz3
11/26/2022,139.4848,8,dz3
11/28/2022,138.3557,23,dz3
11/28/2022,140.8048,8,dz3
11/29/2022,42.01636,8,dz3
11/29/2022,140.3546,23,dz3
11/30/2022,140.0494,8,dz3
11/30/2022,141.2473,23,dz3
12/1/2022,140.7819,23,dz3
12/1/2022,140.7437,8,dz3
12/2/2022,140.82,23,dz3
12/2/2022,140.3317,8,dz3
12/3/2022,140.6369,8,dz3
12/3/2022,139.9274,23,dz3
12/12/2022,18.96725,8,dz3
12/13/2022,19.59288,8,dz3
1/7/2023,11.94037,8,dz3
1/17/2023,10.67385,8,dz3
1/18/2023,10.05585,8,dz3
1/19/2023,9.590442,8,dz3
1/20/2023,11.84881,8,dz3
1/21/2023,6.942961,8,dz3
1/22/2023,10.6357,8,dz3
1/23/2023,7.095553,8,dz3
2/2/2023,82.35419,23,dz3
2/3/2023,139.4009,23,dz3
2/10/2023,1.564074,23,dz3
2/10/2023,11.73437,8,dz3
2/11/2023,11.70385,8,dz3
2/12/2023,10.26185,8,dz3
2/13/2023,6.485183,8,dz3
2/16/2023,14.20637,8,dz3
2/20/2023,15.48051,8,dz3
2/21/2023,11.41392,8,dz3
2/22/2023,15.64074,8,dz3
2/24/2023,11.58177,8,dz3
2/27/2023,8.781701,8,dz3
2/28/2023,11.67333,8,dz3
3/3/2023,10.85696,8,dz3
3/16/2023,5.989257,8,dz3
3/17/2023,7.15659,8,dz3
3/27/2023,13.184,8,dz3
3/28/2023,10.89511,8,dz3
3/29/2023,11.36814,8,dz3
3/30/2023,14.14533,8,dz3
3/31/2023,10.23896,8,dz3
4/1/2023,10.31526,8,dz3
4/3/2023,13.67992,8,dz3
4/4/2023,11.68096,8,dz3
4/5/2023,10.40681,8,dz3
4/6/2023,9.231849,8,dz3
4/7/2023,8.438368,8,dz3
4/10/2023,10.58229,8,dz3
4/17/2023,11.61992,8,dz3
4/18/2023,8.148442,8,dz3
7/20/2023,152.53914,7,dz9
7/20/2023,152.81381,23,dz9
7/21/2023,153.72173,23,dz9
7/21/2023,154.01166,7,dz9
7/22/2023,147.13736,7,dz9
7/22/2023,146.6567,23,dz9
7/24/2023,146.8627,23,dz9
7/24/2023,146.82455,7,dz9
7/25/2023,154.92722,7,dz9
7/25/2023,155.94196,23,dz9
7/26/2023,155.01877,7,dz9
7/26/2023,154.51521,23,dz9
7/27/2023,155.14084,23,dz9
7/27/2023,155.40788,7,dz9
7/28/2023,147.73247,7,dz9
7/28/2023,147.77826,23,dz9
7/28/2023,142.9029,8,dz3
7/29/2023,151.17343,7,dz9
7/29/2023,153.27922,23,dz9
7/30/2023,148.90744,23,dz9
7/30/2023,146.80167,7,dz9
7/31/2023,155.24765,7,dz9
7/31/2023,142.7351,8,dz3
7/31/2023,152.75278,23,dz9
8/1/2023,153.21054,7,dz9
8/1/2023,154.70595,23,dz9
8/1/2023,138.1954,8,dz4
8/1/2023,142.4833,23,dz4
8/1/2023,140.08,8,dz3
8/2/2023,152.05084,7,dz9
8/2/2023,147.03818,23,dz9
8/2/2023,146.7788,23,dz4
8/2/2023,146.2294,8,dz4
8/2/2023,142.0179,8,dz3
8/3/2023,145.59618,23,dz9
8/3/2023,145.69536,7,dz9
8/3/2023,147.0153,8,dz4
8/3/2023,146.3744,23,dz4
8/3/2023,6.576739,8,dz3
8/4/2023,146.38203,7,dz9
8/4/2023,145.6572,23,dz4
8/4/2023,146.0387,8,dz4
8/4/2023,145.84796,23,dz9
8/4/2023,7.17185,8,dz3
8/4/2023,105.3575,23,dz2
8/4/2023,105.0371,8,dz2
8/5/2023,153.56914,7,dz9
8/5/2023,12.93985,8,dz3
8/5/2023,106.9369,23,dz2
8/5/2023,105.739,8,dz2
8/5/2023,146.1455,8,dz4
8/5/2023,146.1608,23,dz4
8/5/2023,148.80826,23,dz9
8/6/2023,142.5214,23,dz4
8/6/2023,145.50462,7,dz9
8/6/2023,102.9923,8,dz2
8/6/2023,144.39833,23,dz9
8/6/2023,143.8643,8,dz4
8/6/2023,102.443,23,dz2
8/6/2023,18.58577,8,dz3
8/7/2023,75.85375,23,dz9
8/7/2023,147.30522,7,dz9
8/7/2023,0,8,dz4
8/7/2023,0,8,dz11
8/7/2023,0,23,dz4
8/7/2023,105.0981,8,dz2
8/7/2023,106.09,23,dz2
8/7/2023,0,8,dz1
8/7/2023,0,23,dz1
8/8/2023,152.88248,7,dz9
8/8/2023,153.46233,23,dz9
8/8/2023,0,8,dz11
8/8/2023,0,23,dz4
8/8/2023,0,8,dz4
8/8/2023,105.4949,8,dz2
8/8/2023,0,23,dz1
8/8/2023,0,8,dz1
8/8/2023,107.12,23,dz2
8/8/2023,0,8,dz3
8/9/2023,147.68669,23,dz9
8/9/2023,153.35551,7,dz9
8/9/2023,0,8,dz3
8/9/2023,0,8,dz11
8/9/2023,0,23,dz4
8/9/2023,0,8,dz4
8/9/2023,106.8453,23,dz2
8/9/2023,105.7009,8,dz2
8/9/2023,0,23,dz1
8/9/2023,0,8,dz1
8/10/2023,0,23,dz1
8/10/2023,152.12714,7,dz9
8/10/2023,0,8,dz11
8/10/2023,0,8,dz1
8/10/2023,0,8,dz3
8/10/2023,105.4338,23,dz2
8/10/2023,105.1134,8,dz2
8/10/2023,0,23,dz4
8/10/2023,0,8,dz4
8/10/2023,152.54677,23,dz9
8/11/2023,0,8,dz11
8/11/2023,153.98114,23,dz9
8/11/2023,153.08084,7,dz9
8/11/2023,0,8,dz4
8/11/2023,0,23,dz4
8/11/2023,0,8,dz3
8/11/2023,104.8692,23,dz2
8/11/2023,0,8,dz1
8/11/2023,0,23,dz1
8/11/2023,102.6566,8,dz2
8/12/2023,0,8,dz11
8/12/2023,146.9924,7,dz9
8/12/2023,0,8,dz4
8/12/2023,153.12662,23,dz9
8/12/2023,0,8,dz3
8/12/2023,0,23,dz4
8/12/2023,0,8,dz1
8/12/2023,104.1597,23,dz2
8/12/2023,102.5117,8,dz2
8/12/2023,0,23,dz1
8/13/2023,0,8,dz11
8/13/2023,153.83618,7,dz9
8/13/2023,147.52647,23,dz9
8/13/2023,0,8,dz4
8/13/2023,104.564,23,dz2
8/13/2023,103.9003,8,dz2
8/13/2023,0,8,dz3
8/13/2023,0,8,dz1
8/13/2023,0,23,dz1
8/16/2023,0,8,dz11
8/16/2023,150.18158,23,dz9
8/16/2023,153.84381,7,dz9
8/16/2023,0,8,dz1
8/16/2023,145.5733,23,dz4
8/16/2023,7.530442,8,dz3
8/16/2023,0,23,dz1
8/16/2023,145.4512,8,dz4
8/17/2023,151.50151,7,dz9
8/17/2023,153.10373,23,dz9
8/17/2023,141.4609,8,dz4
8/17/2023,0,8,dz11
8/17/2023,0,8,dz1
8/17/2023,144.2457,23,dz4
8/17/2023,102.9847,8,dz2
8/17/2023,0,23,dz1
8/17/2023,8.896146,8,dz3
8/17/2023,101.619,23,dz2
8/18/2023,0,23,dz1
8/18/2023,153.27159,7,dz9
8/18/2023,0,8,dz11
8/18/2023,104.854,23,dz2
8/18/2023,0,8,dz1
8/18/2023,107.0513,8,dz2
8/18/2023,145.7488,23,dz4
8/18/2023,145.4512,8,dz4
8/18/2023,154.34737,23,dz9
8/19/2023,0,23,dz1
8/19/2023,151.53203,7,dz9
8/19/2023,0,8,dz11
8/19/2023,143.1165,23,dz4
8/19/2023,143.1776,8,dz4
8/19/2023,153.51573,23,dz9
8/19/2023,0,8,dz1
8/20/2023,0,8,dz11
8/20/2023,145.1384,8,dz4
8/20/2023,143.7727,23,dz4
8/20/2023,0,8,dz1
8/20/2023,0,23,dz1
8/21/2023,151.44048,7,dz9
8/21/2023,153.92773,23,dz9
8/21/2023,0,8,dz11
8/21/2023,0,23,dz4
8/21/2023,0,8,dz4
8/21/2023,8.522294,8,dz3
8/21/2023,0,8,dz1
8/21/2023,0,23,dz1
8/22/2023,9.384441,8,dz3
8/22/2023,154.58388,7,dz9
8/22/2023,154.56099,23,dz9
8/22/2023,0,8,dz11
8/22/2023,0,8,dz1
8/22/2023,0,23,dz4
8/22/2023,0,8,dz4
8/22/2023,0,23,dz1
8/23/2023,0,23,dz1
8/23/2023,147.1221,7,dz9
8/23/2023,0,8,dz4
8/23/2023,0,8,dz11
8/23/2023,0,23,dz4
8/23/2023,0,8,dz1
8/23/2023,146.96188,23,dz9
8/23/2023,0,8,dz3
8/24/2023,147.57225,7,dz9
8/24/2023,0,8,dz1
8/24/2023,0,8,dz11
8/24/2023,150.15106,23,dz9
8/24/2023,11.72674,8,dz3
8/24/2023,0,23,dz4
8/24/2023,104.9074,8,dz2
8/24/2023,105.9832,23,dz2
8/24/2023,0,8,dz4
8/24/2023,0,23,dz1
8/25/2023,0,8,dz11
8/25/2023,152.50099,7,dz9
8/25/2023,0,8,dz4
8/25/2023,155.32396,23,dz9
8/25/2023,0,8,dz1
8/25/2023,0,23,dz4
8/25/2023,105.8229,8,dz2
8/25/2023,0,23,dz1
8/25/2023,12.0777,8,dz3
8/25/2023,107.2497,23,dz2
8/26/2023,0,8,dz11
8/26/2023,151.22684,7,dz9
8/26/2023,146.96188,23,dz9
8/26/2023,0,8,dz4
8/26/2023,0,23,dz1
8/26/2023,105.594,23,dz2
8/26/2023,0,8,dz1
8/26/2023,105.06,8,dz2
8/26/2023,0,23,dz4
8/26/2023,12.07007,8,dz3
8/27/2023,0,8,dz11
8/27/2023,0,23,dz1
8/27/2023,145.1155,8,dz4
8/27/2023,104.0834,23,dz2
8/27/2023,103.534,8,dz2
8/27/2023,138.3786,23,dz4
8/27/2023,12.4897,8,dz3
8/27/2023,0,8,dz1
8/28/2023,103.7553,8,dz2
8/28/2023,146.51173,7,dz9
8/28/2023,146.92374,23,dz9
8/28/2023,145.9395,8,dz4
8/28/2023,144.5967,23,dz4
8/28/2023,107.1581,23,dz2
8/29/2023,0,8,dz7
8/29/2023,106.5554,8,dz2
8/29/2023,105.4491,23,dz2
8/29/2023,145.7946,23,dz4
8/29/2023,145.7488,8,dz4
8/30/2023,103.2517,8,dz2
8/30/2023,145.0011,23,dz4
8/30/2023,152.89774,7,dz9
8/30/2023,153.38603,23,dz9
8/30/2023,146.2523,8,dz4
8/30/2023,106.1815,23,dz2
8/30/2023,107.3031,18,dz8
8/30/2023,0,8,dz7
8/31/2023,153.02744,7,dz9
8/31/2023,106.6088,23,dz2
8/31/2023,109.9887,18,dz8
8/31/2023,145.6343,23,dz4
8/31/2023,145.9853,8,dz4
8/31/2023,147.19077,23,dz9
8/31/2023,138.9813,8,dz7
8/31/2023,106.4486,8,dz2
9/1/2023,153.72935,23,dz9
9/1/2023,154.1261,7,dz9
9/1/2023,146.4202,8,dz4
9/1/2023,138.1344,8,dz7
9/1/2023,145.6572,23,dz4
9/1/2023,107.8219,18,dz8
9/1/2023,105.6017,8,dz2
9/1/2023,104.2283,23,dz2
9/2/2023,152.79092,7,dz9
9/2/2023,105.1286,23,dz2
9/2/2023,145.3215,8,dz4
9/2/2023,154.21765,23,dz9
9/2/2023,107.2497,8,dz2
9/2/2023,110.7212,18,dz8
9/2/2023,138.1878,8,dz7
9/2/2023,144.8561,23,dz4
9/3/2023,0,23,dz4
9/3/2023,111.7588,18,dz8
9/3/2023,0,8,dz4
9/3/2023,103.4883,23,dz2
9/3/2023,103.1068,8,dz2
9/4/2023,0,8,dz1
9/4/2023,0,7,dz6
9/4/2023,0,23,dz1
9/4/2023,0,8,dz4
9/4/2023,0,23,dz4
9/4/2023,0,8,dz7
9/4/2023,0,8,dz11
9/4/2023,113.8798,18,dz8
9/5/2023,0,7,dz6
9/5/2023,108.0279,18,dz8
9/5/2023,0,8,dz4
9/5/2023,0,8,dz11
9/5/2023,0,8,dz1
9/5/2023,0,23,dz4
9/5/2023,0,8,dz7
9/5/2023,0,23,dz1
9/6/2023,0,7,dz6
9/6/2023,0,8,dz1
9/6/2023,109.714,18,dz8
9/6/2023,0.007629627,23,dz1
9/6/2023,0,8,dz11
9/6/2023,0,8,dz4
9/6/2023,0,8,dz7
9/6/2023,0,23,dz4
9/7/2023,0,8,dz4
9/7/2023,0,7,dz6
9/7/2023,0,23,dz4
9/7/2023,110.683,18,dz8
9/7/2023,0.007629627,8,dz1
9/7/2023,0,8,dz7
9/7/2023,0.007629627,23,dz1
9/7/2023,0.007629627,8,dz11
9/8/2023,0,7,dz6
9/8/2023,0.007629627,23,dz1
9/8/2023,110.3015,18,dz8
9/8/2023,143.7803,8,dz4
9/8/2023,0,8,dz7
9/8/2023,105.6169,23,dz2
9/8/2023,0.007629627,8,dz11
9/8/2023,0.007629627,8,dz1
9/8/2023,141.3465,23,dz4
9/8/2023,105.1057,8,dz2
9/9/2023,0,7,dz6
9/9/2023,145.2986,8,dz4
9/9/2023,111.0034,18,dz8
9/9/2023,0,23,dz6
9/9/2023,105.8763,8,dz2
9/9/2023,142.7809,23,dz4
9/9/2023,106.1357,23,dz2
9/10/2023,111.4765,18,dz8
9/10/2023,0,7,dz6
9/10/2023,141.7203,8,dz4
9/10/2023,0,23,dz6
9/10/2023,103.3052,8,dz2
9/10/2023,141.0565,23,dz4
9/10/2023,106.8987,23,dz2
9/11/2023,0,8,dz7
9/11/2023,0,7,dz6
9/11/2023,0,23,dz6
9/11/2023,0.02288888,8,dz11
9/11/2023,0,23,dz2
9/11/2023,0,8,dz2
9/11/2023,0.03051851,23,dz1
9/11/2023,0.02288888,8,dz1
9/12/2023,0,8,dz11
9/12/2023,0,23,dz2
9/12/2023,0,8,dz2
9/12/2023,0,23,dz1
9/12/2023,0,7,dz6
9/12/2023,144.5204,23,dz4
9/12/2023,0,8,dz1
9/12/2023,0,23,dz6
9/12/2023,0,8,dz7
9/12/2023,140.6369,8,dz4
9/13/2023,0,7,dz6
9/13/2023,145.6954,8,dz4
9/13/2023,0,8,dz7
9/13/2023,0,8,dz2
9/13/2023,0,8,dz11
9/13/2023,0,8,dz1
9/13/2023,0,23,dz6
9/13/2023,139.3399,23,dz4
9/13/2023,0,23,dz2
9/13/2023,0,23,dz1
9/14/2023,0,8,dz1
9/14/2023,0,7,dz6
9/14/2023,138.8134,8,dz7
9/14/2023,152.08136,7,dz9
9/14/2023,0,23,dz1
9/14/2023,0,8,dz11
9/14/2023,0,8,dz2
9/14/2023,0,23,dz2
9/14/2023,8.934294,8,dz3
9/14/2023,0,23,dz6
9/14/2023,145.1842,8,dz4
9/14/2023,143.8948,23,dz4
9/14/2023,150.59358,23,dz9
9/15/2023,0,7,dz6
9/15/2023,0,23,dz6
9/15/2023,145.0011,8,dz4
9/15/2023,0,8,dz11
9/15/2023,146.46596,7,dz9
9/15/2023,143.9329,23,dz4
9/15/2023,0,8,dz2
9/15/2023,139.7442,8,dz7
9/15/2023,0,8,dz1
9/15/2023,154.0727,23,dz9
9/15/2023,9.170812,8,dz3
9/15/2023,0,23,dz1
9/15/2023,0,23,dz2
9/16/2023,0,8,dz1
9/16/2023,0,7,dz6
9/16/2023,0,8,dz11
9/16/2023,151.51677,7,dz9
9/16/2023,0,23,dz1
9/16/2023,139.1186,8,dz7
9/16/2023,9.086886,8,dz3
9/16/2023,0,8,dz2
9/16/2023,0,23,dz2
9/16/2023,142.9792,8,dz4
9/16/2023,145.497,23,dz4
9/16/2023,0,23,dz6
9/16/2023,153.02744,23,dz9
9/17/2023,145.7793,23,dz4
9/17/2023,0,8,dz11
9/17/2023,145.8022,8,dz4
9/17/2023,0,23,dz2
9/17/2023,12.42866,8,dz3
9/17/2023,0,23,dz1
9/17/2023,0,8,dz2
9/17/2023,0,8,dz1
9/18/2023,0,7,dz6
9/18/2023,0,23,dz1
9/18/2023,144.116,8,dz4
9/18/2023,0,23,dz2
9/18/2023,153.95062,7,dz9
9/18/2023,0,8,dz11
9/18/2023,12.68807,8,dz3
9/18/2023,154.93484,23,dz9
9/18/2023,0,8,dz2
9/18/2023,146.0311,23,dz4
9/18/2023,0,8,dz1
9/18/2023,0,23,dz6
9/18/2023,133.8542,8,dz7
9/19/2023,140.5377,23,dz4
9/19/2023,0,8,dz11
9/19/2023,142.7427,8,dz4
9/19/2023,0,23,dz2
9/19/2023,0,8,dz2
9/19/2023,12.74911,8,dz3
9/19/2023,0,8,dz1
9/19/2023,0,23,dz1
9/20/2023,0,23,dz1
9/20/2023,145.1231,8,dz4
9/20/2023,0,8,dz11
9/20/2023,0,8,dz2
9/20/2023,0,23,dz2
9/20/2023,0,8,dz1
9/20/2023,143.9406,23,dz4
9/20/2023,12.772,8,dz3
9/21/2023,0,8,dz11
9/21/2023,153.63017,7,dz9
9/21/2023,12.40577,8,dz3
9/21/2023,153.3784,23,dz9
9/21/2023,143.5133,8,dz4
9/21/2023,134.0831,8,dz7
9/21/2023,0,8,dz1
9/21/2023,143.643,23,dz4
9/21/2023,0,8,dz2
9/21/2023,0,23,dz1
9/21/2023,0,23,dz2
9/22/2023,156.07166,7,dz9
9/22/2023,0,23,dz1
9/22/2023,0,8,dz11
9/22/2023,0,8,dz1
9/22/2023,133.488,8,dz7
9/22/2023,9.361553,8,dz3
9/22/2023,0,8,dz2
9/22/2023,0,23,dz2
9/22/2023,0,8,dz4
9/22/2023,0,23,dz4
9/22/2023,153.35551,23,dz9
9/23/2023,12.13874,8,dz3
9/23/2023,154.92722,7,dz9
9/23/2023,0,23,dz4
9/23/2023,115.1006,8,dz7
9/23/2023,0,8,dz1
9/23/2023,0,8,dz11
9/23/2023,147.35863,23,dz9
9/23/2023,0,8,dz2
9/23/2023,0,23,dz2
9/23/2023,0,8,dz4
9/23/2023,0,23,dz1
9/24/2023,149.62462,23,dz9
9/24/2023,147.57225,7,dz9
9/24/2023,0,23,dz4
9/24/2023,0,8,dz11
9/24/2023,0,8,dz4
9/24/2023,0,8,dz7
9/24/2023,0,23,dz2
9/24/2023,0,8,dz1
9/24/2023,0,23,dz1
9/24/2023,0,8,dz2
9/24/2023,139.6985,23,dz3
9/24/2023,139.8053,8,dz3
9/25/2023,0,7,dz6
9/25/2023,155.81989,23,dz9
9/25/2023,0,8,dz11
9/25/2023,0,8,dz4
9/25/2023,154.78226,7,dz9
9/25/2023,0,23,dz4
9/25/2023,0,8,dz7
9/25/2023,0,8,dz2
9/25/2023,0,23,dz1
9/25/2023,139.8206,8,dz3
9/25/2023,0,23,dz2
9/25/2023,0,8,dz1
9/25/2023,139.9503,23,dz3
9/26/2023,0,23,dz4
9/26/2023,152.74513,7,dz9
9/26/2023,0,8,dz4
9/26/2023,0,7,dz6
9/26/2023,0,8,dz11
9/26/2023,0,8,dz2
9/26/2023,154.67543,23,dz9
9/26/2023,0,8,dz1
9/26/2023,104.8692,18,dz8
9/26/2023,139.3246,8,dz3
9/26/2023,0,23,dz1
9/26/2023,0,23,dz2
9/26/2023,139.1186,23,dz3
9/27/2023,0,8,dz11
9/27/2023,151.7075,7,dz9
9/27/2023,138.9966,8,dz3
9/27/2023,109.3326,18,dz8
9/27/2023,139.1491,23,dz3
9/27/2023,0,8,dz2
9/27/2023,0,23,dz1
9/27/2023,0,8,dz1
9/27/2023,0,23,dz2
9/27/2023,0,8,dz4
9/27/2023,0,23,dz4
9/27/2023,154.6144,23,dz9
9/28/2023,150.9064,7,dz9
9/28/2023,153.40129,23,dz9
9/28/2023,139.2941,8,dz3
9/28/2023,0,23,dz4
9/28/2023,0,8,dz4
9/28/2023,139.05,23,dz3
9/29/2023,155.21713,23,dz9
9/29/2023,156.49129,7,dz9
9/29/2023,143.2539,8,dz4
9/29/2023,107.9135,18,dz8
9/29/2023,138.0428,8,dz3
9/29/2023,0,8,dz7
9/29/2023,0,8,dz2
9/29/2023,143.6582,23,dz4
9/29/2023,0,23,dz2
9/29/2023,137.8521,23,dz3
9/30/2023,144.1389,23,dz4
9/30/2023,153.59966,7,dz9
9/30/2023,109.5309,18,dz8
9/30/2023,141.583,8,dz4
9/30/2023,155.07217,23,dz9
9/30/2023,0,8,dz2
9/30/2023,137.7377,23,dz3
9/30/2023,138.0352,8,dz3
9/30/2023,0,23,dz2
10/1/2023,154.13373,7,dz9
10/1/2023,138.0428,23,dz3
10/1/2023,137.2875,8,dz4
10/1/2023,107.9669,18,dz8
10/1/2023,137.4477,8,dz3
10/1/2023,0,23,dz2
10/1/2023,0,8,dz2
10/1/2023,141.7661,23,dz4
10/1/2023,147.21365,23,dz9
10/2/2023,138.5922,8,dz3
10/2/2023,152.95114,7,dz9
10/2/2023,0,8,dz11
10/2/2023,138.9355,23,dz3
10/2/2023,112.3234,18,dz8
10/2/2023,99.76501,23,dz2
10/2/2023,102.2446,8,dz2
10/2/2023,0,23,dz1
10/2/2023,0,8,dz1
10/2/2023,143.1471,23,dz4
10/2/2023,143.643,8,dz4
10/2/2023,154.06506,23,dz9
10/3/2023,138.1115,8,dz3
10/3/2023,110.4694,18,dz8
10/3/2023,104.77,23,dz2
10/3/2023,154.51521,7,dz9
10/3/2023,102.8626,8,dz2
10/3/2023,0,8,dz11
10/3/2023,0,23,dz1
10/3/2023,0,8,dz1
10/3/2023,138.2794,23,dz3
10/3/2023,141.9645,8,dz4
10/3/2023,154.82803,23,dz9
10/3/2023,144.8866,23,dz4
10/4/2023,152.63832,7,dz9
10/4/2023,0,8,dz11
10/4/2023,153.70647,23,dz9
10/4/2023,108.4017,18,dz8
10/4/2023,145.1613,8,dz4
10/4/2023,145.7488,23,dz4
10/4/2023,138.2565,8,dz3
10/4/2023,138.5998,23,dz3
10/4/2023,100.0473,8,dz2
10/4/2023,0,23,dz1
10/4/2023,0,8,dz1
10/4/2023,104.2894,23,dz2
10/5/2023,154.09558,7,dz9
10/5/2023,152.2492,23,dz9
10/5/2023,109.0808,18,dz8
10/5/2023,145.5657,8,dz4
10/5/2023,143.9482,23,dz4
10/5/2023,100.9857,8,dz2
10/5/2023,104.7014,23,dz2
10/5/2023,0,8,dz3
10/5/2023,0,23,dz3
10/6/2023,0,23,dz3
10/6/2023,153.26396,7,dz9
10/6/2023,144.612,8,dz4
10/6/2023,107.242,18,dz8
10/6/2023,144.1847,23,dz4
10/6/2023,104.8234,8,dz2
10/6/2023,152.66884,23,dz9
10/6/2023,0,8,dz3
10/6/2023,104.8692,23,dz2
10/7/2023,103.7553,23,dz2
10/7/2023,153.18765,7,dz9
10/7/2023,144.3831,8,dz4
10/7/2023,0,23,dz3
10/7/2023,104.8692,8,dz2
10/7/2023,143.9253,23,dz4
10/7/2023,0,8,dz3
10/7/2023,154.47707,23,dz9
10/7/2023,109.8895,18,dz8
10/8/2023,153.10373,7,dz9
10/8/2023,102.3972,8,dz2
10/8/2023,110.126,18,dz8
10/8/2023,150.73854,23,dz9
10/8/2023,0,8,dz3
10/8/2023,143.5362,23,dz4
10/8/2023,138.8363,8,dz4
10/8/2023,0,23,dz3
10/8/2023,106.4562,23,dz2
10/9/2023,104.0223,8,dz2
10/9/2023,0,7,dz6
10/9/2023,103.3738,23,dz2
10/9/2023,113.9027,18,dz8
10/9/2023,0,8,dz1
10/9/2023,154.5381,7,dz9
10/9/2023,0,23,dz1
10/9/2023,0,8,dz11
10/9/2023,154.57625,23,dz9
10/9/2023,0,23,dz6
10/10/2023,153.21054,23,dz9
10/10/2023,113.1245,18,dz8
10/10/2023,0,23,dz6
10/10/2023,152.79855,7,dz9
10/10/2023,105.0371,8,dz2
10/10/2023,0,8,dz11
10/10/2023,105.9069,23,dz2
10/10/2023,0,7,dz6
10/10/2023,0,8,dz1
10/10/2023,0,23,dz1
10/11/2023,0,7,dz6
10/11/2023,107.2726,8,dz2
10/11/2023,112.2852,18,dz8
10/11/2023,106.914,23,dz2
10/11/2023,152.62306,7,dz9
10/11/2023,0,8,dz1
10/11/2023,0,8,dz11
10/11/2023,0,23,dz1
10/11/2023,0,23,dz6
10/11/2023,152.65358,23,dz9
10/12/2023,111.0797,18,dz8
10/12/2023,146.56514,7,dz9
10/12/2023,152.99692,23,dz9
10/12/2023,0,8,dz11
10/12/2023,0,8,dz1
10/12/2023,0,23,dz1
10/12/2023,105.2202,8,dz2
10/12/2023,105.8382,23,dz2
10/13/2023,111.652,18,dz8
10/13/2023,153.65306,7,dz9
10/13/2023,0,23,dz1
10/13/2023,0,8,dz11
10/13/2023,107.1276,8,dz2
10/13/2023,0,8,dz1
10/13/2023,105.2507,23,dz2
10/13/2023,0,23,dz3
10/13/2023,0,8,dz3
10/13/2023,152.32552,23,dz9
10/14/2023,152.6841,7,dz9
10/14/2023,153.25633,23,dz9
10/14/2023,0,8,dz11
10/14/2023,0,23,dz1
10/14/2023,109.8743,18,dz8
10/14/2023,108.5162,23,dz2
10/14/2023,0,8,dz1
10/14/2023,0,23,dz3
10/14/2023,105.0981,8,dz2
10/14/2023,0,8,dz3
10/15/2023,146.7864,7,dz9
10/15/2023,102.5727,23,dz2
10/15/2023,100.5051,8,dz2
10/15/2023,0,23,dz1
10/15/2023,0,8,dz3
10/15/2023,0,8,dz11
10/15/2023,0,8,dz1
10/15/2023,152.97403,23,dz9
10/15/2023,0,23,dz3
10/16/2023,151.57018,23,dz9
10/16/2023,146.48122,7,dz9
10/16/2023,114.4978,18,dz8
10/16/2023,0,7,dz6
10/16/2023,0,8,dz4
10/16/2023,0,8,dz11
10/16/2023,0,23,dz6
10/16/2023,0,8,dz1
10/16/2023,0,23,dz4
10/16/2023,0,23,dz1
10/17/2023,151.95929,7,dz9
10/17/2023,0.02288888,23,dz1
10/17/2023,0.03814814,8,dz1
10/17/2023,0.03814814,8,dz11
10/17/2023,0,7,dz6
10/17/2023,150.74617,23,dz9
10/17/2023,0,8,dz4
10/17/2023,109.2181,18,dz8
10/17/2023,0,23,dz6
10/17/2023,0,23,dz4
10/18/2023,0,8,dz4
10/18/2023,149.57884,7,dz9
10/18/2023,0,23,dz4
10/18/2023,0,7,dz6
10/18/2023,0,23,dz6
10/18/2023,146.92374,23,dz9
10/18/2023,0.03814814,8,dz11
10/18/2023,110.7364,18,dz8
10/18/2023,0.03814814,8,dz1
10/18/2023,0,23,dz1
10/19/2023,0,8,dz1
10/19/2023,0,7,dz6
10/19/2023,0,23,dz1
10/19/2023,0,8,dz11
10/19/2023,0,8,dz4
10/19/2023,153.74461,7,dz9
10/19/2023,0,23,dz4
10/19/2023,0,23,dz6
10/19/2023,151.02084,23,dz9
10/20/2023,0,7,dz6
10/20/2023,0,23,dz6
10/20/2023,146.7864,7,dz9
10/20/2023,0,8,dz4
10/20/2023,0,23,dz4
10/20/2023,146.9161,23,dz9
10/21/2023,0,7,dz6
10/21/2023,151.4481,23,dz9
10/21/2023,151.08188,7,dz9
10/21/2023,0,23,dz6
10/21/2023,0,23,dz4
10/21/2023,0,8,dz4
10/22/2023,0,23,dz4
10/22/2023,0,8,dz4
10/23/2023,0,8,dz4
10/23/2023,0,7,dz6
10/23/2023,154.75174,23,dz9
10/23/2023,154.57625,7,dz9
10/23/2023,0,8,dz1
10/23/2023,0,8,dz11
10/23/2023,106.6012,8,dz2
10/23/2023,0,23,dz4
10/23/2023,0,23,dz6
10/23/2023,114.7801,18,dz8
10/23/2023,0,23,dz1
10/23/2023,101.2223,23,dz2
10/24/2023,154.53047,7,dz9
10/24/2023,150.55544,23,dz9
10/25/2023,142.0255,23,dz4
10/25/2023,0,7,dz6
10/25/2023,140.8048,8,dz4
10/25/2023,0,8,dz11
10/25/2023,0,23,dz6
10/25/2023,149.60936,7,dz9
10/25/2023,0,8,dz1
10/25/2023,113.2923,18,dz8
10/25/2023,146.94662,23,dz9
10/25/2023,106.708,8,dz2
10/25/2023,104.2055,23,dz2
10/25/2023,0,23,dz1
10/26/2023,154.1795,23,dz9
10/26/2023,153.60728,7,dz9
10/26/2023,0,23,dz6
10/26/2023,111.8122,18,dz8
10/26/2023,143.8261,8,dz4
10/26/2023,0,8,dz11
10/26/2023,144.5738,23,dz4
10/26/2023,0,7,dz6
10/26/2023,102.7177,8,dz2
10/26/2023,0,23,dz1
10/26/2023,0,8,dz1
10/26/2023,106.418,23,dz2
10/27/2023,111.4231,18,dz8
10/27/2023,139.9121,8,dz4
10/27/2023,0,8,dz11
10/27/2023,155.59099,23,dz9
10/27/2023,154.14136,7,dz9
10/27/2023,0,8,dz1
10/27/2023,144.5891,23,dz4
10/27/2023,105.4338,8,dz2
10/27/2023,0,23,dz1
10/27/2023,104.3046,23,dz2
10/28/2023,111.0645,18,dz8
10/28/2023,143.3302,23,dz4
10/28/2023,0,8,dz11
10/28/2023,143.086,8,dz4
10/28/2023,104.8158,23,dz2
10/28/2023,0,8,dz1
10/28/2023,0,23,dz1
10/28/2023,105.9984,8,dz2
10/29/2023,104.4649,8,dz2
10/29/2023,146.05396,7,dz9
10/29/2023,110.3549,18,dz8
10/29/2023,105.0752,23,dz2
10/29/2023,143.5133,23,dz4
10/29/2023,136.8603,8,dz4
10/29/2023,144.94003,23,dz9
10/30/2023,147.16025,7,dz9
10/30/2023,146.36678,23,dz9
10/30/2023,140.7437,8,dz4
10/30/2023,144.5357,23,dz4
10/30/2023,106.8606,8,dz2
10/30/2023,106.2807,23,dz2
10/31/2023,106.4333,23,dz2
10/31/2023,146.44307,7,dz9
10/31/2023,106.6775,8,dz2
10/31/2023,144.0626,23,dz4
10/31/2023,145.6801,8,dz4
10/31/2023,151.77618,23,dz9
11/1/2023,155.34685,23,dz9
11/1/2023,151.28789,7,dz9
11/1/2023,139.996,8,dz4
11/1/2023,145.5504,23,dz4
11/1/2023,108.1271,8,dz2
11/1/2023,108.1118,23,dz2
11/2/2023,138.2565,8,dz4
11/2/2023,106.4409,23,dz2
11/2/2023,104.6098,8,dz2
11/2/2023,142.5443,23,dz4
11/3/2023,156.8804,23,dz9
11/3/2023,154.9501,7,dz9
11/3/2023,142.6435,8,dz4
11/3/2023,139.378,23,dz4
11/3/2023,105.6169,8,dz2
11/3/2023,106.1968,23,dz2
11/4/2023,106.4409,23,dz2
11/4/2023,146.3744,7,dz9
11/4/2023,141.85,8,dz4
11/4/2023,144.0245,23,dz4
11/4/2023,105.388,8,dz2
11/4/2023,149.1058,23,dz9
11/5/2023,136.7916,23,dz4
11/5/2023,102.092,8,dz2
11/5/2023,100.7111,23,dz2
11/5/2023,136.1507,8,dz4
11/6/2023,153.18765,7,dz9
11/6/2023,142.7198,23,dz4
11/6/2023,0,7,dz6
11/6/2023,0,18,dz8
11/6/2023,138.5845,8,dz4
11/6/2023,0,23,dz6
11/6/2023,152.10425,23,dz9
11/7/2023,146.3744,23,dz9
11/7/2023,146.38203,7,dz9
11/7/2023,137.669,8,dz4
11/7/2023,0,18,dz8
11/7/2023,0,23,dz6
11/7/2023,0,7,dz6
11/7/2023,143.6506,23,dz4
11/8/2023,104.6937,23,dz2
11/8/2023,0,18,dz8
11/8/2023,101.2604,8,dz2
11/8/2023,140.0189,8,dz4
11/8/2023,136.3872,23,dz4
11/9/2023,0,18,dz8
11/9/2023,137.3409,8,dz4
11/9/2023,139.6908,23,dz4
11/9/2023,105.6093,8,dz2
11/9/2023,107.3717,23,dz2
11/10/2023,141.0642,8,dz4
11/10/2023,0,18,dz8
11/10/2023,141.7966,23,dz4
11/10/2023,105.6627,8,dz2
11/10/2023,104.9913,23,dz2
11/11/2023,137.669,23,dz4
11/11/2023,0,18,dz8
11/11/2023,141.8424,8,dz4
11/11/2023,104.1826,8,dz2
11/11/2023,104.9989,23,dz2
11/12/2023,100.5661,8,dz2
11/12/2023,100.8866,23,dz2
11/12/2023,136.1507,8,dz4
11/12/2023,0,18,dz8
11/12/2023,137.2952,23,dz4
11/16/2023,136.9594,23,dz4
11/16/2023,0,18,dz8
11/16/2023,136.4483,8,dz4
11/16/2023,0,8,dz11
11/16/2023,101.6114,23,dz2
11/16/2023,0,23,dz1
11/16/2023,104.1826,8,dz2
11/16/2023,0,8,dz1
11/17/2023,0,23,dz6
11/17/2023,0,7,dz6
11/17/2023,0,18,dz8
11/17/2023,136.4559,8,dz4
11/17/2023,0,8,dz11
11/17/2023,137.4935,23,dz4
11/17/2023,104.4496,8,dz2
11/17/2023,105.8458,23,dz2
11/17/2023,0,8,dz1
11/17/2023,0,23,dz1
11/18/2023,0,7,dz6
11/18/2023,0,8,dz11
11/18/2023,136.6237,23,dz4
11/18/2023,0,18,dz8
11/18/2023,136.372,8,dz4
11/18/2023,0,23,dz6
11/18/2023,104.8845,8,dz2
11/18/2023,1.579333,23,dz3
11/18/2023,0,8,dz1
11/18/2023,0,23,dz1
11/18/2023,105.2507,23,dz2
11/19/2023,104.915,8,dz2
11/19/2023,102.6185,23,dz2
11/19/2023,116.8401,23,dz3
11/19/2023,139.0194,8,dz3
11/19/2023,135.7005,8,dz4
11/19/2023,136.082,23,dz4
11/20/2023,0,23,dz1
11/20/2023,0,8,dz11
11/20/2023,139.8663,8,dz3
11/20/2023,106.3952,18,dz8
11/20/2023,104.1215,23,dz2
11/20/2023,0,8,dz1
11/20/2023,138.844,23,dz3
11/20/2023,104.77,8,dz2
11/21/2023,0,8,dz1
11/21/2023,0,8,dz11
11/21/2023,103.5493,23,dz2
11/21/2023,106.6317,18,dz8
11/21/2023,103.0457,8,dz2
11/21/2023,139.1568,23,dz3
11/21/2023,139.3551,8,dz3
11/21/2023,0,23,dz1
11/22/2023,106.1205,23,dz2
11/22/2023,0,8,dz11
11/22/2023,137.8674,8,dz3
11/22/2023,107.3336,18,dz8
11/22/2023,137.524,23,dz3
11/22/2023,104.6174,8,dz2
11/22/2023,0,23,dz1
11/22/2023,0,8,dz1
11/23/2023,138.3099,23,dz3
11/23/2023,0,8,dz11
11/23/2023,104.9989,8,dz2
11/23/2023,107.8448,18,dz8
11/23/2023,105.0905,23,dz2
11/23/2023,0,8,dz1
11/23/2023,0,23,dz1
11/23/2023,138.5998,8,dz3
11/23/2023,136.2957,23,dz4
11/23/2023,139.317,8,dz4
11/24/2023,0,23,dz1
11/24/2023,0,8,dz11
11/24/2023,100.3449,8,dz2
11/24/2023,107.6083,18,dz8
11/24/2023,0,8,dz1
11/24/2023,138.0886,23,dz3
11/24/2023,137.7911,8,dz3
11/24/2023,99.74975,23,dz2
11/24/2023,142.1323,8,dz4
11/24/2023,140.286,23,dz4
11/25/2023,107.9135,18,dz8
11/25/2023,99.61241,8,dz2
11/25/2023,138.8974,23,dz4
11/25/2023,145.9166,8,dz4
11/25/2023,0,23,dz3
11/25/2023,103.1678,23,dz2
11/26/2023,135.5251,23,dz4
11/26/2023,106.9521,18,dz8
11/26/2023,136.3491,8,dz4
11/26/2023,0,23,dz3
11/26/2023,85.35264,8,dz2
11/26/2023,98.78841,23,dz2
11/27/2023,0,23,dz6
11/27/2023,108.9206,18,dz8
11/27/2023,105.1515,23,dz2
11/27/2023,0,7,dz6
11/27/2023,106.1205,8,dz2
11/28/2023,0,7,dz6
11/28/2023,105.0981,23,dz2
11/28/2023,105.9984,8,dz2
11/28/2023,110.1642,18,dz8
11/28/2023,0,23,dz6
11/29/2023,106.9445,23,dz2
11/29/2023,0,7,dz6
11/29/2023,107.0894,8,dz2
11/29/2023,0,23,dz6
11/30/2023,0,23,dz6
11/30/2023,0,7,dz6
11/30/2023,107.7456,8,dz2
11/30/2023,105.2965,23,dz2
12/1/2023,0,7,dz6
12/1/2023,0,23,dz6
12/1/2023,108.2568,8,dz2
12/1/2023,108.356,23,dz2
12/1/2023,107.1352,18,dz8
12/2/2023,108.8214,23,dz2
12/2/2023,107.5777,18,dz8
12/2/2023,101.2604,8,dz2
12/3/2023,101.5351,8,dz2
12/3/2023,107.6159,18,dz8
12/3/2023,102.1531,23,dz2
12/4/2023,0,7,dz6
12/4/2023,101.2909,18,dz8
12/4/2023,0,23,dz6
12/4/2023,0,8,dz11
12/4/2023,97.49138,8,dz2
12/4/2023,0,23,dz1
12/4/2023,0,8,dz1
12/4/2023,90.70101,23,dz2
12/5/2023,106.8072,8,dz2
12/5/2023,107.2115,23,dz2
12/5/2023,0,23,dz1
12/5/2023,0,8,dz1
12/5/2023,107.7303,18,dz8
12/5/2023,0,8,dz11
12/6/2023,106.7461,23,dz2
12/6/2023,14.30555,7,dz6
12/6/2023,103.6103,8,dz2
12/6/2023,107.3565,18,dz8
12/6/2023,135.7845,23,dz6
12/7/2023,140.2631,23,dz3
12/7/2023,13.75622,7,dz6
12/7/2023,106.0594,8,dz2
12/7/2023,104.6709,23,dz2
12/7/2023,140.6217,8,dz3
12/7/2023,135.8455,23,dz6
12/8/2023,14.2674,7,dz6
12/8/2023,141.1786,23,dz3
12/8/2023,106.8758,18,dz8
12/8/2023,105.3346,8,dz2
12/8/2023,135.6471,23,dz6
12/8/2023,141.1939,8,dz3
12/8/2023,107.0818,23,dz2
12/9/2023,135.1512,23,dz6
12/9/2023,13.84014,7,dz6
12/9/2023,105.8,8,dz2
12/9/2023,112.682,18,dz8
12/9/2023,104.77,23,dz2
12/9/2023,141.8882,8,dz3
12/9/2023,141.8348,23,dz3
12/10/2023,141.0337,23,dz3
12/10/2023,0,23,dz2
12/10/2023,0,8,dz2
12/11/2023,106.5783,18,dz8
12/11/2023,0,8,dz3
12/11/2023,146.48122,7,dz9
12/11/2023,144.7035,23,dz9
12/11/2023,0,8,dz11
12/11/2023,102.8016,8,dz2
12/11/2023,0,23,dz3
12/11/2023,0,8,dz1
12/11/2023,135.5785,23,dz4
12/11/2023,136.0057,8,dz4
12/11/2023,101.4588,23,dz2
12/11/2023,0,23,dz1
12/12/2023,155.13321,23,dz9
12/12/2023,154.75937,7,dz9
12/12/2023,138.8134,8,dz3
12/12/2023,108.8366,18,dz8
12/12/2023,0,23,dz1
12/12/2023,0,8,dz11
12/12/2023,105.9526,8,dz2
12/12/2023,137.3714,23,dz3
12/12/2023,0,8,dz1
12/12/2023,100.5203,23,dz2
12/13/2023,153.20291,23,dz9
12/13/2023,107.7532,18,dz8
12/13/2023,142.9868,8,dz3
12/13/2023,0,8,dz11
12/13/2023,141.6517,23,dz3
12/13/2023,153.96588,7,dz9
12/13/2023,104.6709,8,dz2
12/13/2023,99.70397,23,dz2
12/13/2023,0,8,dz1
12/13/2023,0,23,dz1
12/14/2023,154.78226,7,dz9
12/14/2023,90.56367,23,dz2
12/14/2023,140.9574,8,dz3
12/14/2023,0,18,dz8
12/14/2023,91.25034,8,dz2
12/14/2023,139.5383,23,dz3
12/14/2023,154.78226,23,dz9
12/15/2023,105.9984,23,dz2
12/15/2023,91.70049,7,dz9
12/15/2023,0,18,dz8
12/15/2023,105.5788,8,dz2
12/15/2023,139.668,23,dz3
12/15/2023,141.3694,8,dz3
12/15/2023,35.22599,23,dz9
12/16/2023,31.907103,23,dz9
12/16/2023,90.571304,7,dz9
12/16/2023,0,18,dz8
12/16/2023,0,7,dz6
12/16/2023,140.8963,23,dz3
12/16/2023,142.8571,8,dz3
12/17/2023,140.7437,8,dz3
12/17/2023,140.2631,23,dz3
12/17/2023,0,18,dz8
12/18/2023,83.32316,7,dz9
12/18/2023,31.632435,23,dz9
12/18/2023,0,7,dz6
12/18/2023,0,23,dz6
12/18/2023,103.9003,23,dz2
12/18/2023,102.8092,8,dz2
12/19/2023,108.005,23,dz2
12/19/2023,0,7,dz6
12/19/2023,107.5396,8,dz2
12/19/2023,0,23,dz6
12/20/2023,0,23,dz6
12/20/2023,0,7,dz6
12/20/2023,106.9597,8,dz2
12/20/2023,86.054565,7,dz9
12/20/2023,142.2315,23,dz9
12/20/2023,107.3641,23,dz2
12/21/2023,0,7,dz6
12/21/2023,86.18427,8,dz2
12/21/2023,85.711235,7,dz9
12/21/2023,84.99405,23,dz2
12/21/2023,0,23,dz6
12/21/2023,31.594288,23,dz9
12/21/2023,110.6677,18,dz8
12/22/2023,0,23,dz6
12/22/2023,0,7,dz6
12/22/2023,31.250954,23,dz9
12/22/2023,106.1281,18,dz8
12/22/2023,84.30738,7,dz9
12/23/2023,110.9729,18,dz8
12/23/2023,132.40456,23,dz9
12/23/2023,132.40456,7,dz9
12/24/2023,0,23,dz6
12/24/2023,0,7,dz6
12/24/2023,106.0289,18,dz8
12/25/2023,0,18,dz8
12/25/2023,106.5706,23,dz2
12/25/2023,106.1739,8,dz2
12/25/2023,141.3389,23,dz3
12/25/2023,142.8495,8,dz3
12/26/2023,106.4257,18,dz8
12/26/2023,141.8806,8,dz3
12/26/2023,140.2249,23,dz3
12/26/2023,104.9303,23,dz2
12/26/2023,105.6093,8,dz2
12/27/2023,139.6908,8,dz3
12/27/2023,138.5083,23,dz3
12/27/2023,0,18,dz8
12/27/2023,106.4257,23,dz2
12/27/2023,106.1586,8,dz2
12/28/2023,0,18,dz8
1/2/2024,153.1724,7,dz9
1/2/2024,105.8763,23,dz2
1/2/2024,103.2441,8,dz2
1/2/2024,144.9324,23,dz9
1/2/2024,102.1836,18,dz8
1/3/2024,145.48174,7,dz9
1/3/2024,145.39018,23,dz9
1/3/2024,0,7,dz6
1/3/2024,103.1907,18,dz8
1/3/2024,0,23,dz6
1/3/2024,98.37642,8,dz2
1/3/2024,100.589,23,dz2
1/4/2024,103.7706,23,dz2
1/4/2024,105.4796,18,dz8
1/4/2024,103.2823,8,dz2
1/5/2024,152.94351,23,dz9
1/5/2024,146.28285,7,dz9
1/5/2024,104.3123,8,dz2
1/5/2024,105.6017,18,dz8
1/5/2024,103,23,dz2
1/6/2024,0,7,dz6
1/6/2024,0,23,dz6
1/6/2024,151.66173,7,dz9
1/6/2024,106.5249,8,dz2
1/6/2024,153.91248,23,dz9
1/6/2024,106.6393,18,dz8
1/6/2024,105.4033,23,dz2
1/7/2024,103.8545,23,dz2
1/7/2024,153.74461,7,dz9
1/7/2024,105.1286,8,dz2
1/7/2024,151.0361,23,dz9
1/8/2024,99.70397,8,dz2
1/8/2024,102.4964,18,dz8
1/8/2024,99.49034,23,dz2
1/8/2024,152.45522,7,dz9
1/8/2024,153.39366,23,dz9
1/8/2024,0,7,dz6
1/8/2024,0,23,dz6
1/9/2024,153.92773,7,dz9
1/9/2024,102.0386,8,dz2
1/9/2024,104.1978,18,dz8
1/9/2024,101.8021,23,dz2
1/9/2024,0,7,dz6
1/9/2024,151.95166,23,dz9
1/9/2024,0,23,dz6
1/10/2024,146.75589,23,dz9
1/10/2024,152.90536,7,dz9
1/10/2024,101.6266,8,dz2
1/10/2024,106.6164,18,dz8
1/10/2024,0,23,dz6
1/10/2024,0,7,dz6
1/10/2024,101.5656,23,dz2
1/11/2024,0,23,dz6
1/11/2024,0,7,dz6
1/11/2024,106.8987,18,dz8
1/11/2024,149.98322,7,dz9
1/11/2024,153.93536,23,dz9
1/11/2024,103.885,23,dz2
1/11/2024,104.3123,8,dz2
1/12/2024,0,7,dz6
1/12/2024,0,23,dz6
1/12/2024,102.2904,8,dz2
1/12/2024,101.3749,23,dz2
1/12/2024,103.0152,18,dz8
1/13/2024,104.4496,18,dz8
1/13/2024,101.2604,23,dz2
1/13/2024,0,7,dz6
1/13/2024,101.9013,8,dz2
1/13/2024,0,23,dz6
1/14/2024,98.66634,8,dz2
1/14/2024,0,7,dz6
1/14/2024,102.3514,18,dz8
1/14/2024,0,23,dz6
1/14/2024,102.1531,23,dz2
1/15/2024,152.56203,7,dz9
1/15/2024,153.69121,23,dz9
1/15/2024,100.4135,8,dz2
1/15/2024,99.20042,18,dz8
1/15/2024,100.65,23,dz2
1/16/2024,152.6078,23,dz9
1/16/2024,147.36626,7,dz9
1/16/2024,95.29404,18,dz8
1/16/2024,99.98627,23,dz2
1/16/2024,98.82656,8,dz2
1/17/2024,99.7879,23,dz2
1/17/2024,152.53151,7,dz9
1/17/2024,107.2878,18,dz8
1/17/2024,149.9527,23,dz9
1/17/2024,87.33634,8,dz2
1/18/2024,146.81693,7,dz9
1/18/2024,105.6169,18,dz8
1/18/2024,98.6816,8,dz2
1/18/2024,147.35863,23,dz9
1/18/2024,99.62004,23,dz2
1/19/2024,155.04929,7,dz9
1/19/2024,106.2807,23,dz2
1/19/2024,0.06103702,8,dz11
1/19/2024,0.06103702,8,dz1
1/19/2024,107.944,18,dz8
1/19/2024,0.02288888,23,dz1
1/19/2024,106.1892,8,dz2
1/19/2024,153.98114,23,dz9
1/19/2024,141.8577,8,dz4
1/19/2024,134.6324,23,dz4
1/20/2024,152.913,23,dz9
1/20/2024,150.44862,7,dz9
1/20/2024,99.29197,8,dz2
1/20/2024,106.151,18,dz8
1/20/2024,140.7819,23,dz4
1/20/2024,0.06103702,8,dz11
1/20/2024,0.06103702,8,dz1
1/20/2024,102.092,23,dz2
1/20/2024,139.5535,8,dz4
1/20/2024,0.04577776,23,dz1
1/21/2024,86.7336,23,dz2
1/21/2024,0.1068148,8,dz11
1/21/2024,136.1736,8,dz4
1/21/2024,109.8743,18,dz8
1/21/2024,0.02288888,23,dz1
1/21/2024,99.85656,8,dz2
1/21/2024,136.1431,23,dz4
1/21/2024,0.1068148,8,dz1
1/22/2024,0,7,dz6
1/22/2024,0,23,dz6
1/22/2024,0,18,dz8
1/22/2024,0,8,dz3
1/22/2024,135.1894,23,dz4
1/22/2024,140.6217,8,dz4
1/22/2024,102.794,23,dz2
1/22/2024,102.8321,8,dz2
1/22/2024,0,23,dz3
1/23/2024,103.2212,23,dz2
1/23/2024,146.35915,7,dz9
1/23/2024,136.2957,8,dz4
1/23/2024,0,18,dz8
1/23/2024,135.2275,23,dz4
1/23/2024,0,7,dz6
1/23/2024,102.9847,8,dz2
1/23/2024,0,23,dz6
1/23/2024,0,8,dz3
1/23/2024,0,23,dz3
1/23/2024,146.67195,23,dz9
1/24/2024,136.2346,23,dz4
1/24/2024,0,18,dz8
1/24/2024,136.2957,8,dz4
1/24/2024,0,7,dz6
1/24/2024,0,23,dz6
1/24/2024,105.5559,23,dz2
1/24/2024,125.3319,8,dz2
1/24/2024,141.4686,8,dz3
1/24/2024,140.4996,23,dz3
1/25/2024,0,7,dz6
1/25/2024,141.2473,23,dz3
1/25/2024,0,18,dz8
1/25/2024,135.6548,8,dz4
1/25/2024,99.90234,23,dz2
1/25/2024,143.8032,8,dz3
1/25/2024,136.3491,23,dz4
1/25/2024,97.69738,8,dz2
1/25/2024,0,23,dz6
1/26/2024,135.5174,8,dz4
1/26/2024,146.64143,7,dz9
1/26/2024,146.96951,23,dz9
1/26/2024,141.2702,8,dz3
1/26/2024,135.6395,23,dz4
1/26/2024,86.31397,8,dz2
1/26/2024,99.65057,23,dz2
1/26/2024,140.5606,23,dz3
1/27/2024,102.4125,8,dz2
1/27/2024,135.96,7,dz6
1/27/2024,110.5457,18,dz8
1/27/2024,107.2802,23,dz2
1/27/2024,0.02288888,8,dz11
1/27/2024,0.02288888,23,dz1
1/27/2024,0.02288888,8,dz1
1/27/2024,135.8913,23,dz6
1/27/2024,135.9447,8,dz4
1/27/2024,135.9905,23,dz4
1/28/2024,104.1673,18,dz8
1/29/2024,153.13425,7,dz9
1/29/2024,139.6069,23,dz3
1/29/2024,0,8,dz11
1/29/2024,135.9523,8,dz4
1/29/2024,0,18,dz8
1/29/2024,102.5651,23,dz2
1/29/2024,100.4746,8,dz2
1/29/2024,0,23,dz1
1/29/2024,141.6822,8,dz3
1/29/2024,135.5937,23,dz4
1/29/2024,0,8,dz1
1/29/2024,154.11847,23,dz9
1/30/2024,0,18,dz8
1/30/2024,154.26344,7,dz9
1/30/2024,136.4711,8,dz4
1/30/2024,0,8,dz11
1/30/2024,140.4004,23,dz4
1/30/2024,0,8,dz1
1/30/2024,153.35551,23,dz9
1/30/2024,102.8932,8,dz2
1/30/2024,0,23,dz1
1/30/2024,141.7966,8,dz3
1/30/2024,103.534,23,dz2
1/30/2024,140.1868,23,dz3
1/31/2024,153.23343,7,dz9
1/31/2024,152.88248,23,dz9
1/31/2024,135.0291,8,dz4
1/31/2024,0,8,dz11
1/31/2024,102.9771,8,dz2
1/31/2024,135.6548,23,dz4
1/31/2024,141.4533,8,dz3
1/31/2024,0,18,dz8
1/31/2024,0,8,dz1
1/31/2024,104.091,23,dz2
1/31/2024,0,23,dz1
1/31/2024,140.5454,23,dz3
2/1/2024,151.96692,23,dz9
2/1/2024,154.26344,7,dz9
2/1/2024,0,8,dz11
2/1/2024,135.8837,23,dz4
2/1/2024,0,18,dz8
2/1/2024,136.3033,8,dz4
2/1/2024,0,23,dz1
2/1/2024,0,8,dz1
2/1/2024,105.9679,23,dz2
2/1/2024,103.9079,8,dz2
2/2/2024,101.9776,8,dz2
2/2/2024,0,7,dz6
2/2/2024,154.24054,23,dz9
2/2/2024,154.68306,7,dz9
2/2/2024,0,8,dz1
2/2/2024,137.318,23,dz4
2/2/2024,136.0744,8,dz4
2/2/2024,0,23,dz6
2/2/2024,0,8,dz11
2/2/2024,105.0447,23,dz2
2/2/2024,0,18,dz8
2/2/2024,0,23,dz1
2/3/2024,154.39314,7,dz9
2/3/2024,0,18,dz8
2/3/2024,0,7,dz6
2/3/2024,135.4717,8,dz4
2/3/2024,154.91196,23,dz9
2/3/2024,0,8,dz1
2/3/2024,0,8,dz11
2/3/2024,104.9684,8,dz2
2/3/2024,0,23,dz6
2/3/2024,136.0973,23,dz4
2/3/2024,106.3952,23,dz2
2/3/2024,0,23,dz1
2/4/2024,153.56151,7,dz9
2/4/2024,105.7619,8,dz2
2/4/2024,0,18,dz8
2/4/2024,104.152,23,dz2
2/4/2024,0,7,dz6
2/4/2024,135.1588,8,dz4
2/4/2024,135.2275,23,dz4
2/4/2024,0,23,dz6
2/4/2024,151.33366,23,dz9
2/5/2024,104.9913,23,dz2
2/5/2024,153.80566,7,dz9
2/5/2024,142.1323,8,dz3
2/5/2024,107.4175,18,dz8
2/5/2024,140.4614,23,dz3
2/5/2024,105.3957,8,dz2
2/5/2024,134.7316,23,dz4
2/5/2024,135.4259,8,dz4
2/5/2024,153.84381,23,dz9
2/6/2024,103.1373,23,dz2
2/6/2024,109.0045,18,dz8
2/6/2024,102.9237,8,dz2
2/6/2024,0,7,dz6
2/6/2024,140.8506,23,dz3
2/6/2024,153.9964,7,dz9
2/6/2024,142.5977,8,dz3
2/6/2024,0,23,dz4
2/6/2024,0,8,dz4
2/6/2024,0,23,dz6
2/6/2024,153.85144,23,dz9
2/7/2024,152.1958,7,dz9
2/7/2024,0,23,dz4
2/7/2024,0,7,dz6
2/7/2024,109.0121,18,dz8
2/7/2024,0,8,dz4
2/7/2024,0,8,dz11
2/7/2024,140.1257,23,dz3
2/7/2024,99.62768,8,dz2
2/7/2024,149.21262,23,dz9
2/7/2024,141.8271,8,dz3
2/7/2024,0,23,dz6
2/7/2024,0,8,dz1
2/7/2024,0,23,dz1
2/7/2024,103.2289,23,dz2
2/8/2024,152.81381,23,dz9
2/8/2024,152.95114,7,dz9
2/8/2024,0,8,dz4
2/8/2024,0,18,dz8
2/8/2024,0,23,dz4
2/8/2024,0,8,dz11
2/8/2024,142.2315,8,dz3
2/8/2024,140.8429,23,dz3
2/8/2024,0,8,dz1
2/8/2024,0,23,dz1
2/9/2024,155.11032,23,dz9
2/9/2024,0,8,dz11
2/9/2024,0,8,dz4
2/9/2024,152.48573,7,dz9
2/9/2024,0,23,dz4
2/9/2024,0,18,dz8
2/9/2024,140.5301,23,dz3
2/9/2024,141.5906,8,dz3
2/9/2024,0,23,dz1
2/9/2024,0,8,dz1
2/10/2024,0,8,dz1
2/10/2024,153.40129,23,dz9
2/10/2024,152.63832,7,dz9
2/10/2024,0,23,dz4
2/10/2024,141.2473,8,dz3
2/10/2024,140.0266,23,dz3
2/10/2024,0,18,dz8
2/10/2024,0,23,dz1
2/10/2024,0,8,dz4
2/10/2024,0,8,dz11
2/11/2024,0,18,dz8
2/12/2024,146.81693,7,dz9
2/12/2024,113.5594,23,dz2
2/12/2024,110.538,8,dz2
2/12/2024,146.69484,23,dz9
2/13/2024,151.19632,7,dz9
2/13/2024,111.9495,23,dz2
2/13/2024,113.5975,8,dz2
2/13/2024,154.67543,23,dz9
2/14/2024,154.47707,23,dz9
2/14/2024,0,8,dz11
2/14/2024,113.3686,8,dz2
2/14/2024,154.49232,7,dz9
2/14/2024,0,8,dz1
2/14/2024,113.0863,23,dz2
2/14/2024,0,23,dz1
2/15/2024,111.4383,8,dz2
2/15/2024,152.76804,7,dz9
2/15/2024,0,8,dz11
2/15/2024,154.78226,23,dz9
2/15/2024,0,8,dz1
2/15/2024,113.01,23,dz2
2/15/2024,0,23,dz1
2/16/2024,86.03931,7,dz9
2/16/2024,68.23176,23,dz9
2/16/2024,111.5604,8,dz2
2/16/2024,110.8737,23,dz2
2/17/2024,111.2247,23,dz2
2/17/2024,86.13087,7,dz9
2/17/2024,112.1097,8,dz2
2/17/2024,68.147835,23,dz9
2/18/2024,110.126,23,dz2
2/18/2024,86.48183,7,dz9
2/18/2024,110.95,8,dz2
2/18/2024,71.84057,23,dz9
2/20/2024,70.978424,23,dz9
2/20/2024,86.65731,7,dz9
2/20/2024,135.3343,8,dz4
2/20/2024,0,8,dz11
2/20/2024,135.5861,23,dz4
2/20/2024,110.9424,18,dz8
2/20/2024,140.3394,8,dz3
2/20/2024,110.8661,8,dz2
2/20/2024,141.0565,23,dz3
2/20/2024,110.4923,23,dz2
2/20/2024,0,8,dz1
2/20/2024,0,23,dz1
2/21/2024,110.7898,8,dz2
2/21/2024,86.77175,7,dz9
2/21/2024,70.36042,23,dz9
2/21/2024,0,8,dz11
2/21/2024,141.1481,8,dz3
2/21/2024,107.0971,18,dz8
2/21/2024,136.0134,23,dz4
2/21/2024,0,8,dz1
2/21/2024,139.2331,23,dz3
2/21/2024,136.7458,8,dz4
2/21/2024,111.034,23,dz2
2/21/2024,0,23,dz1
2/22/2024,69.20835,23,dz9
2/22/2024,0,8,dz11
2/22/2024,135.5861,8,dz4
2/22/2024,86.45894,7,dz9
2/22/2024,135.4717,23,dz4
2/22/2024,0,23,dz1
2/22/2024,0,8,dz1
2/22/2024,111.8732,8,dz2
2/22/2024,110.9653,23,dz2
2/22/2024,141.5067,8,dz3
2/22/2024,141.4914,23,dz3
2/23/2024,86.36738,7,dz9
2/23/2024,109.454636,23,dz9
2/23/2024,0,8,dz11
2/23/2024,0,8,dz1
2/23/2024,135.4793,23,dz4
2/23/2024,141.728,8,dz3
2/23/2024,0,23,dz1
2/23/2024,135.6929,8,dz4
2/23/2024,139.2712,23,dz3
2/24/2024,107.73034,23,dz9
2/24/2024,19.24192,7,dz9
2/24/2024,135.6853,8,dz4
2/24/2024,0,8,dz11
2/24/2024,135.7082,23,dz4
2/24/2024,0,8,dz1
2/24/2024,0,23,dz1
2/24/2024,141.7585,8,dz3
2/24/2024,141.4533,23,dz3
2/25/2024,141.644,23,dz3
2/25/2024,0,8,dz11
2/25/2024,141.1481,8,dz3
2/25/2024,0,8,dz1
2/25/2024,0,23,dz1
2/25/2024,135.3954,23,dz4
2/25/2024,135.052,8,dz4
2/26/2024,113.2237,8,dz2
2/26/2024,107.9516,23,dz9
2/26/2024,117.0537,18,dz8
2/26/2024,136.4788,23,dz4
2/26/2024,135.6319,8,dz4
2/26/2024,113.2771,23,dz2
2/27/2024,112.6286,8,dz2
2/27/2024,114.4902,18,dz8
2/27/2024,109.14945,23,dz9
2/27/2024,135.2428,8,dz4
2/27/2024,135.3267,23,dz4
2/27/2024,112.476,23,dz2
2/28/2024,116.16108,23,dz9
2/28/2024,115.5965,18,dz8
2/28/2024,135.4564,8,dz4
2/28/2024,135.96,23,dz4
2/28/2024,113.506,8,dz2
2/28/2024,112.8117,23,dz2
2/29/2024,135.2886,8,dz4
2/29/2024,113.8035,23,dz2
2/29/2024,115.894,18,dz8
2/29/2024,135.5708,23,dz4
2/29/2024,113.4754,8,dz2
2/29/2024,116.23737,23,dz9
3/1/2024,135.9294,23,dz4
3/1/2024,115.2226,18,dz8
3/1/2024,135.9981,8,dz4
3/1/2024,115.39049,23,dz9
3/1/2024,112.6896,23,dz2
3/1/2024,112.3844,8,dz2
3/2/2024,116.4434,18,dz8
3/2/2024,111.9648,8,dz2
3/2/2024,114.20789,23,dz9
3/2/2024,135.7234,8,dz4
3/2/2024,135.8989,23,dz4
3/2/2024,112.2852,23,dz2
3/3/2024,133.8313,8,dz4
3/3/2024,117.7557,18,dz8
3/4/2024,120.1437,18,dz8
3/4/2024,0,7,dz6
3/4/2024,0,8,dz2
3/4/2024,0,23,dz2
3/4/2024,109.86663,23,dz9
3/4/2024,136.2652,8,dz4
3/4/2024,136.2346,23,dz4
3/4/2024,0,23,dz6
3/5/2024,119.5944,18,dz8
3/5/2024,0,7,dz6
3/5/2024,135.2962,8,dz4
3/5/2024,145.1918,7,dz9
3/5/2024,146.53462,23,dz9
3/5/2024,0,8,dz2
3/5/2024,135.5251,23,dz4
3/5/2024,0,23,dz6
3/5/2024,0,23,dz2
3/6/2024,154.0727,23,dz9
3/6/2024,153.66832,7,dz9
3/6/2024,135.1588,8,dz4
3/6/2024,0,7,dz6
3/6/2024,118.038,18,dz8
3/6/2024,0,8,dz2
3/6/2024,135.1207,23,dz4
3/6/2024,0,23,dz6
3/6/2024,0,23,dz2
3/7/2024,0,7,dz6
3/7/2024,150.11292,23,dz9
3/7/2024,117.0614,18,dz8
3/7/2024,135.1207,8,dz4
3/7/2024,153.50047,7,dz9
3/7/2024,134.8079,23,dz4
3/7/2024,0,8,dz2
3/7/2024,0,23,dz6
3/7/2024,0,23,dz2
3/8/2024,0,23,dz1
3/8/2024,0,7,dz6
3/8/2024,0,8,dz2
3/8/2024,115.4592,18,dz8
3/8/2024,0,23,dz2
3/8/2024,0,8,dz11
3/8/2024,0,8,dz1
3/8/2024,0,23,dz6
3/8/2024,135.8837,8,dz4
3/8/2024,134.8689,23,dz4
3/9/2024,153.21054,23,dz9
3/9/2024,117.5344,18,dz8
3/9/2024,0,23,dz6
3/9/2024,154.21002,7,dz9
3/9/2024,135.2657,23,dz4
3/9/2024,0,8,dz11
3/9/2024,136.1278,8,dz4
3/9/2024,0,7,dz6
3/9/2024,0,23,dz2
3/9/2024,0,8,dz2
3/9/2024,0,8,dz1
3/9/2024,0,23,dz1
3/10/2024,0,7,dz6
3/10/2024,0,8,dz2
3/10/2024,0,8,dz11
3/10/2024,0,23,dz2
3/10/2024,114.2308,18,dz8
3/10/2024,0,8,dz1
3/10/2024,0,23,dz1
3/10/2024,135.1207,8,dz4
3/10/2024,0,23,dz6
3/10/2024,134.3501,23,dz4
3/11/2024,153.69884,23,dz9
3/11/2024,153.18765,7,dz9
3/11/2024,135.609,8,dz4
3/11/2024,0,8,dz11
3/11/2024,0,23,dz6
3/11/2024,0,7,dz6
3/11/2024,0,8,dz1
3/11/2024,135.2886,23,dz4
3/11/2024,0,23,dz1
3/12/2024,135.5861,8,dz4
3/12/2024,0,7,dz6
3/12/2024,134.9223,23,dz4
3/12/2024,146.53462,7,dz9
3/12/2024,0,23,dz6
3/12/2024,144.99344,23,dz9
3/13/2024,0,7,dz6
3/13/2024,145.0087,23,dz9
3/13/2024,135.4183,8,dz4
3/13/2024,0,23,dz6
3/13/2024,151.27263,7,dz9
3/13/2024,135.2962,23,dz4
3/14/2024,0,23,dz1
3/14/2024,0,7,dz6
3/14/2024,134.93,8,dz4
3/14/2024,146.66432,7,dz9
3/14/2024,135.1283,23,dz4
3/14/2024,0,8,dz11
3/14/2024,0,8,dz1
3/14/2024,0,23,dz6
3/14/2024,151.97455,23,dz9
3/15/2024,0,23,dz6
3/15/2024,156.44551,7,dz9
3/15/2024,0,8,dz11
3/15/2024,0,7,dz6
3/15/2024,135.9523,8,dz4
3/15/2024,135.0291,23,dz4
3/15/2024,0,8,dz1
3/15/2024,151.38707,23,dz9
3/15/2024,0,23,dz1
3/16/2024,0,7,dz6
3/16/2024,135.136,23,dz4
3/16/2024,135.4869,8,dz4
3/16/2024,0,23,dz6
3/16/2024,0,8,dz11
3/16/2024,151.21921,23,dz9
3/16/2024,0,8,dz1
3/16/2024,0,23,dz1
3/16/2024,153.38603,7,dz9
3/16/2024,141.5448,23,dz3
3/16/2024,141.6822,8,dz3
3/17/2024,0,8,dz11
3/17/2024,135.2962,23,dz4
3/17/2024,135.5251,8,dz4
3/17/2024,0,23,dz1
3/17/2024,0,8,dz1
3/17/2024,141.316,8,dz3
3/17/2024,140.3775,23,dz3
3/18/2024,121.4942,18,dz8
3/18/2024,0,7,dz6
3/18/2024,131.4814,8,dz2
3/18/2024,153.51573,7,dz9
3/18/2024,150.4181,23,dz9
3/18/2024,0,8,dz3
3/18/2024,0,23,dz6
3/18/2024,131.5119,23,dz2
3/18/2024,0,23,dz3
3/19/2024,154.62965,7,dz9
3/19/2024,118.8849,18,dz8
3/19/2024,0,23,dz6
3/19/2024,0,7,dz6
3/19/2024,0,8,dz3
3/19/2024,153.83618,23,dz9
3/19/2024,0.3204443,8,dz2
3/19/2024,0,23,dz3
3/20/2024,153.06558,7,dz9
3/20/2024,0,8,dz3
3/20/2024,0,7,dz6
3/20/2024,7.721183,18,dz8
3/20/2024,131.5577,23,dz2
3/20/2024,131.5119,8,dz2
3/20/2024,0,23,dz3
3/20/2024,153.7141,23,dz9
3/20/2024,0,23,dz6
3/21/2024,7.850886,18,dz8
3/21/2024,153.23343,7,dz9
3/21/2024,0,8,dz3
3/21/2024,0,7,dz6
3/21/2024,154.78226,23,dz9
3/21/2024,132.2062,8,dz2
3/21/2024,0,23,dz6
3/21/2024,0,23,dz3
3/21/2024,132.313,23,dz2
3/22/2024,0,23,dz3
3/22/2024,0,7,dz6
3/22/2024,0,8,dz3
3/22/2024,153.06558,7,dz9
3/22/2024,131.5806,23,dz2
3/22/2024,131.2906,8,dz2
3/22/2024,7.812738,18,dz8
3/22/2024,152.27211,23,dz9
3/22/2024,0,23,dz6
3/23/2024,0,7,dz6
3/23/2024,154.16425,23,dz9
3/23/2024,7.766961,18,dz8
3/23/2024,135.0978,8,dz4
3/23/2024,153.55388,7,dz9
3/23/2024,0,23,dz6
3/23/2024,131.7331,8,dz2
3/23/2024,135.0139,23,dz4
3/23/2024,141.8958,8,dz3
3/23/2024,138.4701,23,dz3
3/23/2024,131.283,23,dz2
3/24/2024,132.0841,23,dz2
3/24/2024,154.44655,7,dz9
3/24/2024,132.5037,8,dz2
3/24/2024,1.205481,18,dz8
3/24/2024,141.2854,23,dz3
3/24/2024,142.552,8,dz3
3/24/2024,134.4646,23,dz4
3/24/2024,135.464,8,dz4
3/24/2024,153.50047,23,dz9
3/25/2024,154.22528,23,dz9
3/25/2024,2.189703,18,dz8
3/25/2024,0,23,dz6
3/25/2024,153.95062,7,dz9
3/25/2024,141.3312,8,dz3
3/25/2024,0,7,dz6
3/25/2024,132.58,23,dz2
3/25/2024,139.729,23,dz3
3/25/2024,132.3206,8,dz2
3/26/2024,0,7,dz6
3/26/2024,131.1151,23,dz2
3/26/2024,141.3389,8,dz3
3/26/2024,8.049257,18,dz8
3/26/2024,154.69832,7,dz9
3/26/2024,141.4228,23,dz3
3/26/2024,131.1914,8,dz2
3/26/2024,0,23,dz6
3/26/2024,155.93433,23,dz9
3/27/2024,154.75937,23,dz9
3/27/2024,0,7,dz6
3/27/2024,143.9634,8,dz3
3/27/2024,7.728813,18,dz8
3/27/2024,0,23,dz6
3/27/2024,154.25581,7,dz9
3/27/2024,131.1533,8,dz2
3/27/2024,131.4509,23,dz2
3/27/2024,140.4386,23,dz3
3/28/2024,131.344,8,dz2
3/28/2024,0,7,dz6
3/28/2024,7.484664,18,dz8
3/28/2024,146.80167,7,dz9
3/28/2024,140.7285,23,dz3
3/28/2024,141.377,8,dz3
3/28/2024,131.2372,23,dz2
3/28/2024,0,23,dz6
3/28/2024,155.50706,23,dz9
