Date,Tank No.,pH,Cond ,BOD,COD ,TOC,Turb ,Hardness
5/2/2023,708,8.5,5.15,19.9,38.5,21.6,62.4,150
5/2/2023,701,6.5,11.8,22.4,67.1,26.9,63.5,100
5/2/2023,708,7.6,3.8,56.3,96.1,41.5,35.1,200
5/2/2023,705,7.4,1.865,56.3,81.7,41.2,31.5,175
5/2/2023,701,7.2,6.38,41.9,110,65.5,39.8,150
5/2/2023,705,7.6,1.955,38.1,60.6,50.9,16.4,75
5/2/2023,708,7.5,1.315,31.5,71.3,29.6,18.4,100
5/2/2023,701,7.2,3,61.2,73.5,53.9,21.7,100
5/2/2023,708,7.9,2.3,51.8,46.5,28.7,13.2,75
5/3/2023,701,7.4,3.1,42.5,35.5,18.5,6.8,250
5/3/2023,705,7.5,6.1,66.2,69.2,32.2,18.5,300
5/3/2023,708,7.6,4.5,39.5,39.5,29.5,20.2,75
5/3/2023,701,7,1.4,86.5,71.2,46.3,28.2,100
5/3/2023,708,8.4,1.615,70.5,65.4,41.6,40.5,75
5/3/2023,701,7.7,1.441,53.9,64.6,31.5,16.9,75
5/3/2023,708,8,1.315,53.6,57.5,33.4,17.3,100
5/3/2023,701,7.1,2.35,40.3,57.3,26.1,30.2,200
5/3/2023,708,7.8,3.11,58.7,72.1,32,22.1,250
5/3/2023,705,7.3,2.33,36.9,47.1,18.9,18.1,150
5/4/2023,701,7,8.6,39.8,112,51.6,31.4,200
5/4/2023,708,7.2,3.84,17.9,32.4,16.5,22.8,125
5/4/2023,705,7.1,1.6,41.6,48.5,31.6,20.5,100
5/4/2023,701,7.3,10.33,61.8,70.3,51.9,23.7,175
5/4/2023,708,7.5,3.07,38.5,105,44.6,31.1,50
5/5/2023,701,7.6,5.54,18.6,56.7,22.2,17.9,100
5/5/2023,708,7.3,1.36,22.4,31.4,26.9,36.5,100
5/5/2023,701,3.75,3.2,21.5,59.2,12.5,20.5,100
5/5/2023,708,8.2,4.71,38.9,51.5,31.5,17.2,75
5/5/2023,701,7.6,1.4,43.5,71.2,30.6,25.7,100
5/5/2023,701,7.5,10.17,61.4,70.2,43.5,21.9,150
5/5/2023,708,7.4,1.94,25.4,77.4,31,42.1,100
5/5/2023,701,7.2,1.78,31.4,95.5,38.2,33,100
5/6/2023,708,8.5,1.11,17.1,52.6,21.1,22.9,75
5/6/2023,705,7.3,1.19,22.8,31.9,19.3,34.6,100
5/6/2023,701,6.9,9,61.3,75.4,53.2,28.4,125
5/6/2023,708,7.4,9.25,53.6,62.3,48.1,23.7,150
5/6/2023,701,6.8,3,42.6,43.5,27.4,17.2,125
5/6/2023,705,6.8,4.15,41,48.5,31.5,26.3,100
5/6/2023,708,7.5,3.2,54.6,61.2,48.9,31.1,125
5/6/2023,701,7.2,1.78,26.4,29.6,31.8,22.9,100
5/7/2023,708,7.2,3.2,26.8,61.3,24.9,48.6,200
5/7/2023,741,7.3,2.9,26.5,36.5,28.3,31.6,150
5/7/2023,742,7.3,18.15,38.6,75.2,60.4,28.5,125
5/7/2023,743,7.4,5,57.2,65.1,61.8,21.7,100
5/7/2023,744,8.2,9.7,67.8,110,58.1,36.6,200
5/7/2023,745,7.9,5.18,47.3,52.2,38.5,26.2,125
5/7/2023,746,7,4,39.6,53.4,41.9,26.5,100
5/8/2023,708,6.6,8.91,31.1,96.6,37.9,112,150
5/8/2023,701,7.5,4.47,19.3,58.8,23.3,56.7,50
5/8/2023,705,7.2,6.29,50.6,73.5,40.4,89.8,200
5/8/2023,708,7.2,1.012,30.1,86.6,36.9,33.3,200
5/8/2023,701,7.2,2.35,30.2,90.8,23.6,154,200
5/8/2023,708,7.5,4.5,18.2,45.5,22.2,108,125
5/8/2023,705,7.3,6.5,31.2,49.2,22.5,25.2,300
5/9/2023,701,7.3,1.65,24.9,75.8,30.3,18.2,50
5/9/2023,708,7.1,6.63,19.1,58,23.2,17.8,175
5/9/2023,701,7,5,48.5,91.3,38.6,31.5,75
5/9/2023,705,7,3.15,61.2,72.4,58.7,42.6,100
5/9/2023,708,7.9,2.72,27.3,81.4,38.8,31.5,75
5/9/2023,701,7.5,13.7,63.9,41.5,47.5,35.1,175
5/9/2023,708,7.7,2.3,22.9,31.6,24.8,29.3,75
5/10/2023,701,7.1,2.95,48.7,53.4,38.9,16.3,75
5/10/2023,708,7.2,1.8,61.5,73.6,48.3,24.1,100
5/10/2023,701,8,3.8,48.3,61.5,46.2,16.3,50
5/10/2023,708,7.4,3.15,45.2,51.7,38.5,13.8,100
5/10/2023,701,7.3,3.1,18.1,55,22,18,25
5/10/2023,705,7.4,2.05,38.1,53.3,40.5,16.1,125
5/10/2023,708,8,1.2,12.5,29.2,22.2,15.5,50
5/10/2023,701,7.3,8.24,78.5,96.1,54.7,35.1,250
5/11/2023,708,7.2,1.84,61.8,75.2,46.5,21.3,75
5/11/2023,701,7.2,2.85,49.6,53.2,38.5,30.2,100
5/11/2023,708,7.6,2.58,39.5,47.4,35.3,22.8,75
5/11/2023,701,8.3,2.4,37.5,51.6,30.4,14.3,125
5/11/2023,708,7.6,6.75,73.5,22.4,89.5,106,100
5/11/2023,701,7.3,2.9,34.1,82.3,48.7,29.1,50
5/11/2023,708,7.7,1.435,17.2,52.3,20.9,18,75
5/12/2023,701,7.9,1.015,48.1,62.6,38.5,17.9,75
5/12/2023,708,7.3,1.37,61.8,77.4,46.2,19.8,100
5/12/2023,701,7.1,2.75,46.3,51.4,38.5,18.2,75
5/12/2023,708,7.4,1.82,38.1,50.3,42.2,16,50
5/12/2023,701,7.2,1.616,18.5,22.5,18.5,9.5,100
5/12/2023,708,7.4,3.8,19.5,31.9,22.6,29.3,125
5/13/2023,701,8.1,2.15,46.5,54.7,30.5,18.6,75
5/13/2023,708,8.1,1.533,46.3,61.5,34.2,13.2,50
5/13/2023,705,7,1.239,46.2,51.5,41.2,19.4,100
5/13/2023,701,7.5,13.54,85.1,96.3,62.9,35.6,225
5/13/2023,708,7.2,21,69.2,80.2,45.2,42.5,200
5/13/2023,701,7.3,2.6,29.5,68.4,48.4,51.5,200
5/13/2023,708,7.3,2.55,17.6,21.9,15.1,24.3,100
5/13/2023,701,7.3,5.4,48.8,61.1,50.7,31.3,125
5/14/2023,708,7.1,8,43.9,71.6,38.5,21.3,125
5/14/2023,701,6.5,6,38.2,41.5,31.5,23.9,150
5/14/2023,708,7.3,9.68,61.9,75.6,46.1,32.5,200
5/14/2023,701,7.2,2.6,26.4,32.4,34.7,38.5,150
5/15/2023,708,7.2,7.69,15.1,46,18.4,17.6,175
5/15/2023,701,7.5,5.8,35.2,42.5,29.5,15.5,75
5/15/2023,708,8.2,1.03,68.5,55.3,46.3,31.4,150
5/15/2023,701,7.4,9.1,22.3,71.3,38.5,26.2,250
5/15/2023,708,7.2,4.5,42.3,64.8,38.4,24.6,150
5/15/2023,701,6.8,4.78,47.7,58.1,30,18.1,100
5/16/2023,708,7.7,1.55,19.9,60.6,24.2,20.7,75
5/16/2023,705,7.4,9.2,21.5,59.5,22.2,18.5,175
5/16/2023,701,7.4,2.85,69.3,211,84.3,62.1,200
5/16/2023,708,7.2,4.8,36.4,128,36.5,68.9,200
5/16/2023,701,7.2,7.4,196,232,14.5,112,250
5/16/2023,705,7.3,9.8,89.1,117,76.2,20.3,150
5/16/2023,708,7.4,1.47,20.3,61.7,24.7,26.3,100
5/16/2023,701,7.3,2.09,20.1,35.4,2.6,60.1,150
5/17/2023,708,7.5,2.74,21.1,64.2,25.7,23,100
5/17/2023,701,7.3,2.16,23.5,71.6,28.6,27.1,125
5/17/2023,708,7.3,1.45,29.5,75.2,23.3,20.2,75
5/17/2023,701,7,0.95,13.2,32.5,18.5,22.3,125
5/17/2023,708,7.5,10.5,135,120,39.5,33.9,250
5/17/2023,701,7.7,9.5,35.5,50.3,22.2,39.5,200
5/17/2023,708,7,5.9,48.3,61.2,42.3,13.3,100
5/17/2023,701,7.1,2.75,26.3,80.1,32.6,30.5,75
5/18/2023,708,7.5,1.646,35.9,109,43.7,31.7,50
5/18/2023,701,7.3,2.05,36.7,112,44.7,47.5,50
5/18/2023,708,7.8,4.55,26.3,80,32.3,24.4,100
5/18/2023,701,7.2,1.59,19.8,56.4,24.8,27.9,100
5/18/2023,708,7.3,1.59,22.4,39.5,26.9,24.6,75
5/18/2023,701,7,1.94,25.1,62.7,28.3,19.4,75
5/18/2023,708,7.5,1.03,20.6,62.7,25.1,25.2,50
5/19/2023,705,7.7,1.52,19.9,60.5,24.2,16.4,75
5/19/2023,701,7.4,1.369,17.9,54.6,21.8,14.7,75
5/19/2023,708,7.7,2.95,19.6,59.5,23.8,22.3,75
5/19/2023,701,7.2,1.26,19.6,48.5,23.8,16.5,125
5/19/2023,708,7.4,1.23,19.8,36.6,22.4,24.9,100
5/19/2023,701,7.3,2.1,27.2,82.6,33.1,51.6,100
5/19/2023,708,7.2,15.4,45.3,81.2,28.6,23.5,150
5/19/2023,701,7.1,2.55,24.2,73.5,29.4,22.8,50
5/19/2023,708,7.7,3.12,18.4,56,22.4,15.2,300
5/20/2023,701,7.3,5.51,13,39.6,15.8,16,225
5/20/2023,705,7.1,4.15,14.1,42.9,17.1,52.4,150
5/20/2023,708,7.4,12.25,60.1,80,38.8,31.9,200
5/20/2023,701,7.7,8.5,58.2,98.5,40.5,90.5,200
5/20/2023,708,6.9,21.3,75.2,91.4,61.5,30.6,175
5/20/2023,701,7.7,6.15,51.5,62.6,41.3,18.5,150
5/20/2023,708,7.3,3.71,60.5,72.9,38.6,31.8,100
5/20/2023,705,6.8,4,37.5,52.6,32.9,15.4,125
5/21/2023,701,7.3,2.05,38.8,58.3,51.1,18.7,150
5/21/2023,708,7.3,1.99,20.2,45.5,22.2,19.2,125
5/21/2023,701,7.2,2.5,33.5,49.2,25.5,18.9,100
5/22/2023,701,6.8,13.4,102,380,112,33.5,300
5/22/2023,708,7.3,5.65,20.9,36.3,19.8,32.3,200
5/22/2023,701,6.5,8.45,38.5,96.5,42.4,74.6,300
5/22/2023,708,8.5,3.7,30.4,110,42.8,90.8,200
5/22/2023,705,7.6,2.58,15.8,48.2,19.3,25.2,175
5/22/2023,701,7.2,2.55,40.1,81.3,42.6,31.7,150
5/22/2023,708,7.2,2.55,40.1,81.3,42.6,31.7,150
5/22/2023,701,7.2,1.774,30.8,90.3,41.3,28.9,100
5/23/2023,705,7.3,2.9,22.4,36.6,26.9,24.5,300
5/23/2023,708,7,1.28,22.8,65.4,26.7,21.3,150
5/23/2023,701,7.5,3.92,52.2,159,63.5,40.2,100
5/23/2023,708,7.9,1.955,23.2,70.4,28.2,46.9,75
5/23/2023,705,7.3,2.66,22.2,67.5,27,48.3,125
5/23/2023,701,7.3,1.033,31.5,61.7,28.2,35.4,100
5/23/2023,708,7,7,43.1,58.6,38.6,17.5,150
5/23/2023,701,7.2,1.795,21.3,64.7,25.9,25.1,75
5/24/2023,708,7.7,2.42,21.4,65,26,26.3,75
5/24/2023,701,7.1,1.8,20.5,48.2,22.3,18.5,150
5/24/2023,705,7.2,6.3,23.9,42.9,22.9,22.9,250
5/24/2023,708,7.5,0.933,39.5,41.7,30.2,28.6,100
5/24/2023,701,7,9.27,61.5,77.4,42.3,35.2,175
5/24/2023,708,7.2,5.95,48.6,61.5,40.1,16.5,100
5/24/2023,701,7,7.55,81.5,120,110,130,200
5/24/2023,708,7.1,5.27,24.5,74.5,29.8,28.5,150
5/25/2023,701,7.2,3.4,30.4,92.6,37,44.8,50
5/25/2023,708,7.2,2.2,14,42.4,17,16.3,75
5/25/2023,705,7.1,1.695,12.2,37.1,14.8,25.5,75
5/25/2023,701,7.3,2.15,21,63.8,25.5,25.1,50
5/25/2023,708,7.1,35.4,72.9,96.5,57.6,36.5,225
5/25/2023,701,7.2,10.33,45.3,61.2,31.9,28.6,150
5/25/2023,708,7.4,3.51,47.5,54.1,36.8,17.2,100
5/25/2023,701,7.1,3.33,48.1,54.5,31.5,18.3,100
5/26/2023,708,7.3,6.5,20.2,40.5,15.5,15.4,250
5/26/2023,705,7.6,6,15.2,45.9,19.3,22.2,300
5/26/2023,701,7,6.4,38.5,45.6,26.3,24.6,200
5/26/2023,708,7.5,8.3,39,61.3,32.4,20.2,150
5/26/2023,705,7.7,5.4,26.7,60.3,29.2,19.3,100
5/26/2023,701,7.3,7.47,41.5,55.2,40.9,18.2,150
5/26/2023,708,7,7.6,39.6,72,43.3,20.9,200
5/26/2023,701,7.3,2.23,19.8,60.3,24.1,15.3,50
5/26/2023,708,7.4,2.3,41.8,53.7,31.5,16.9,75
5/27/2023,705,7.5,1.45,12.2,26.2,15.3,9.5,125
5/27/2023,701,7.2,1.25,12.5,22.3,10.3,8.2,100
5/27/2023,708,7.4,2.45,48.2,51.5,31.5,13.3,125
5/27/2023,701,7,10.45,61.2,72.4,48.1,19.7,175
5/27/2023,708,7.9,18.15,51.7,62.6,28.4,31.2,200
5/27/2023,701,7.2,6.15,84.2,90.3,67.8,30.2,175
5/27/2023,708,7.8,2.55,51.2,40.3,32.6,27.5,100
5/28/2023,701,7.5,2.5,22.3,35.5,15.2,18.5,150
5/28/2023,708,7.5,4.5,28.3,35.2,15.5,22.2,125
5/28/2023,701,7,4,31.5,53.7,18.3,12.7,150
5/28/2023,708,7.5,4.27,43.9,61.5,31.5,19.5,100
5/28/2023,701,7.3,6.2,48.2,52.7,32.6,23.8,75
5/28/2023,708,6.8,5.98,58.5,75.1,47.6,28.2,100
5/29/2023,701,7,15.25,39.5,80.3,42.6,20.9,200
5/29/2023,708,7.6,4.85,26.2,79.8,31.9,24.8,150
5/29/2023,705,7.7,2.85,25.3,60.4,30.2,20.6,100
5/29/2023,708,7.1,1.628,55.7,83.1,40.1,35.4,250
5/29/2023,701,7.3,2.28,21,63.8,25.5,89.7,100
5/29/2023,705,7.4,3.1,32.8,71.8,44.5,31.9,75
5/29/2023,701,7.3,4.5,30.2,39.5,18.5,19.2,150
5/30/2023,708,8.2,5.81,47.2,62.6,38.5,16.5,75
5/30/2023,705,7.1,5.7,46.5,63.9,41.3,21.3,100
5/30/2023,701,7.1,3.85,51.5,52.6,18.7,23.4,100
5/30/2023,708,7.3,5.48,22.4,68.1,27.2,23.6,75
5/30/2023,701,7.5,5.08,24.3,73.9,29.6,32.1,100
5/30/2023,708,7.4,6.95,19.8,54.6,22.9,32.6,100
5/30/2023,701,7.3,4,25.3,20.2,22.5,331.2,150
5/31/2023,708,7.7,4.51,43.8,51.3,31.2,19.3,75
5/31/2023,701,8.4,5.81,46.3,55.4,38.5,23.3,100
5/31/2023,708,8.1,5.15,41.6,54.5,31.4,16.7,100
5/31/2023,701,7.7,6,42.7,48.1,33.9,20.4,75
5/31/2023,708,7.8,6.65,30.8,73.2,41.1,58.5,75
5/31/2023,701,7.4,5.2,26.2,79.6,31.8,62.7,50
5/31/2023,708,8.4,4.98,37.6,39.4,35.8,27.9,50
5/31/2023,701,7.2,3.5,25.5,45.2,26.2,22.5,125
5/31/2023,705,7.2,3.2,22.2,30.5,18.5,18.2,150
6/1/2023,708,7,10.23,87.3,26.6,10.6,7.16,100
6/1/2023,705,7.3,3.15,88.3,268,107,68.8,100
6/1/2023,701,7,2.51,55.7,61.2,31.5,13.5,100
6/1/2023,708,7.4,3.45,55.7,69.5,40.2,28.8,75
6/1/2023,701,7,10.45,48.5,71.2,46.9,33.7,175
6/1/2023,708,7.2,2.4,28.2,42.4,26.4,38.7,100
6/1/2023,701,8,3.2,12.8,50.2,20.4,16.5,100
6/2/2023,708,7.6,3.55,11.8,36,14.4,19.7,100
6/2/2023,701,7.4,3.81,61.6,73.5,36.3,30.2,50
6/2/2023,705,7.3,2.33,39.5,52.6,31.2,13.7,100
6/2/2023,708,7.3,8.8,18.3,55.6,22.2,22.6,375
6/2/2023,701,7,8.32,19.6,64.2,24.5,25.3,200
6/2/2023,705,7.3,4.51,19.7,59.9,23.9,21.8,75
6/2/2023,708,7.6,22.2,80.9,360,115,230,500
6/2/2023,701,8.4,4.8,33.2,43.3,22.1,18.5,50
6/3/2023,708,7.5,3,21.6,71.2,30.2,31.5,75
6/3/2023,701,7.1,3.45,17.4,43.9,27.5,21.6,100
6/3/2023,708,8.2,3.85,54.6,63.9,35.2,17.3,75
6/3/2023,705,7.1,5.5,48.1,55.6,34.8,21.8,50
6/3/2023,701,7.5,5.5,35.9,42.6,28.5,17.4,100
6/3/2023,708,8.1,5,48.6,59.3,36.2,28.4,75
6/3/2023,705,7.3,4.28,23.5,71.5,28.1,22.2,100
6/3/2023,701,8,12.87,124,159,76.3,41.7,225
6/3/2023,708,8.4,44.07,263,341,186,51.5,300
6/3/2023,701,7.5,4,32.9,49.2,18.3,22.2,150
6/3/2023,708,8,2.65,22.9,36.3,24.6,59.4,150
6/3/2023,701,6.9,2.3,37.5,48.1,46.9,13.2,100
6/4/2023,708,7,3.75,48.2,51.2,31.6,18.4,125
6/4/2023,705,7.1,4.5,63.5,88.1,57.3,21.8,100
6/4/2023,708,7,6.8,45.1,60.2,50.9,29.1,175
6/4/2023,701,7.8,9.5,38.5,45.5,29.5,33.2,150
6/5/2023,708,6.5,15.43,26.4,80.4,32.2,28.3,175
6/5/2023,701,7.9,7.03,15.1,45.9,18.4,21,50
6/5/2023,705,8.5,3.65,167,508,203,109,300
6/5/2023,708,7.4,1.7,52.4,128,56.2,38.9,250
6/5/2023,701,7.5,3.9,25.2,35.3,20.2,42.5,200
6/5/2023,708,7.7,3.2,18,54.8,21.9,19,175
6/5/2023,701,7.7,4.6,29.4,89.5,35.8,222.6,200
6/5/2023,708,7.7,6.83,59.6,48.1,60.7,29.3,75
6/6/2023,701,7.7,2.54,30,91.2,36.5,24.4,25
6/6/2023,708,7.7,3.55,17.2,52.2,20.9,20.8,50
6/6/2023,701,7.7,3.31,22,66.9,26.7,29.6,50
6/6/2023,708,7.7,1.878,333.8,106,41.1,35.7,50
6/6/2023,705,7.3,3.25,45.5,120,51.8,50.9,300
6/6/2023,701,7,11.4,41.5,75.4,38.3,31.4,175
6/6/2023,708,8.3,3.81,48.1,51.5,39.5,30.6,75
6/7/2023,701,8,3.51,29.5,70.4,32.6,27.6,50
6/7/2023,708,7.6,2.14,17.2,52.4,21,21.9,75
6/7/2023,705,7.4,3.31,21.9,66.6,26.6,36.7,125
6/7/2023,701,7.3,6.8,44.5,110,69.5,55.2,150
6/7/2023,708,7.3,2.3,22.5,42.2,18.5,12.2,125
6/7/2023,701,7.1,2.8,26.4,61.7,30.1,19.5,75
6/7/2023,708,7.4,4.45,22.9,52.6,26.6,45.3,100
6/8/2023,701,7.3,4.96,49.3,65.5,65.6,29.1,200
6/8/2023,708,6.9,9.04,105,210,100,240,250
6/8/2023,705,7.2,2.6,45.7,110,62.4,120,150
6/8/2023,701,7.9,4.95,22.9,48.3,27.6,51.8,75
6/8/2023,708,7.9,2.6,21.8,36.9,26.2,36.7,75
6/8/2023,701,8.3,2.33,41.2,48.6,38.5,17.3,100
6/8/2023,708,7,1.53,21.7,53.4,23.9,18.4,100
6/9/2023,705,7.5,4.9,10.6,32.2,12.9,71.5,375
6/9/2023,701,7.5,6.8,20.4,61.9,24.8,42.8,75
6/9/2023,708,7.1,6.8,22.4,59.5,27.3,63.1,150
6/9/2023,701,7.8,1.85,20.2,35.5,18.5,22.2,75
6/9/2023,708,7.2,1.3,25.3,32.5,20.2,12.5,100
6/9/2023,701,6.9,9.3,49.2,64.8,31.4,19.3,250
6/9/2023,708,7.3,3.6,45.3,84.6,39.6,24.3,175
6/10/2023,701,7.3,3.61,39.9,59.1,59.2,30,50
6/10/2023,708,8,2.8,28.3,86,32.2,49.6,50
6/10/2023,701,8.5,2.31,20.9,68.3,62.6,31,50
6/10/2023,705,7.3,2.96,22.7,62.2,172,29.5,150
6/10/2023,708,7.3,11.8,94.2,120,66.5,154,500
6/10/2023,701,7,3.15,51.6,59.4,32.4,66.9,250
6/10/2023,708,7.3,5,48.6,61.5,31.5,30.4,100
6/10/2023,701,6.8,5.18,48.1,56.2,42.3,19.5,125
6/11/2023,708,6.8,25.38,210,231,140,424,250
6/11/2023,701,7.6,2,60.3,74.1,58.6,28.1,125
6/11/2023,708,7.5,5.15,63.9,51.4,40.5,27.3,150
6/11/2023,701,7.1,6.38,48.2,46.4,31.5,30.3,150
6/12/2023,708,7,7.62,46.5,128,52.4,48.3,125
6/12/2023,701,7.2,4.5,29.2,76.5,28.5,35.2,175
6/12/2023,708,6.9,2.24,38.4,116,49.9,41.6,200
6/12/2023,701,7.2,3.98,40.9,68.3,42.5,28.1,300
6/12/2023,705,7,2.33,40.5,55.3,54.9,18.4,125
6/12/2023,708,7.3,7.18,48.9,72.5,40.5,31.8,200
6/12/2023,701,7.2,2.51,43.1,48.1,30.3,16.1,75
6/12/2023,708,7.1,1.881,47.4,63.9,38.5,21.3,100
6/13/2023,701,7.3,2.2,26.9,81.7,32.7,26.6,100
6/13/2023,708,7.3,1.501,21.3,56.6,41.8,42.3,100
6/13/2023,705,7.6,2.29,40.8,54.3,35.8,38.1,125
6/13/2023,701,7.6,1.528,30.1,81.3,38.5,31.4,50
6/13/2023,708,8.4,1.59,15.4,30.8,18.3,18.1,50
6/13/2023,701,7.3,2,25.2,61.3,28.4,17.3,25
6/13/2023,708,7.3,2.4,29.4,68.3,26.3,20.1,125
6/13/2023,701,7.6,6.04,22.1,67.7,27.7,27.3,25
6/14/2023,708,7.9,6.2,22.9,69.5,27.8,34,200
6/14/2023,701,7.4,5.8,27.6,84,33.6,17.9,75
6/14/2023,708,7.4,2.71,20.5,61.3,27.4,41.1,75
6/14/2023,701,7.2,3.51,45.2,67.4,31.5,13.3,100
6/14/2023,708,7.2,15.4,61.4,65.2,52.2,31.4,175
6/14/2023,701,7.2,12.7,53.4,58.1,48.1,37.3,150
6/14/2023,708,8,2.41,64.6,70.5,38.3,17.5,75
6/14/2023,705,7.7,2.39,19.2,58.4,23.4,17.9,100
6/14/2023,701,7.5,3.28,59.1,81.6,48.3,29.2,75
6/15/2023,708,7.8,2.37,21.3,64.7,25.9,29.3,100
6/15/2023,701,6.9,7.3,27.5,120,38.1,65.6,200
6/15/2023,708,6.8,5.2,17.4,53,21.2,18.5,50
6/15/2023,705,6.8,4.31,24.5,66.3,24.4,29.7,250
6/15/2023,708,8.4,2.15,55.2,62.4,41.3,21.5,50
6/15/2023,701,7,13.51,45.9,59.5,40.7,33.8,175
6/15/2023,705,7,3.22,33.9,51.5,27.5,18.3,75
6/15/2023,708,7.6,3.31,61.4,65.9,35.3,17.7,75
6/15/2023,705,7.1,4.23,55.4,73.9,48.4,31.5,250
6/15/2023,701,7.4,2.2,25.2,38.2,22.5,18.2,100
6/16/2023,708,7.5,1.52,15,48.2,19.3,20.2,100
6/16/2023,701,7.3,2.85,19.7,38.5,18.3,18.3,100
6/16/2023,708,8.3,5,53.4,62.8,38.6,17.3,75
6/16/2023,701,7.1,2.7,41.3,55.7,32.3,21.6,100
6/16/2023,708,7.5,13.9,62.4,81.3,31.5,30.7,175
6/16/2023,701,7.1,3,28.1,47.8,31.3,21.4,75
6/16/2023,708,7.5,2.2,22.5,38.2,35.5,18.2,75
6/17/2023,701,7.5,2.95,18.3,32.5,16.4,15.9,75
6/17/2023,708,7.8,2.4,26.3,75.5,29.5,22.2,100
6/17/2023,705,7.6,7.85,48.6,85.2,51.4,65.2,300
6/17/2023,701,7.7,2.75,40.5,56.1,48.1,44.6,50
6/17/2023,708,7.4,7.1,48.1,61.4,34.3,21.6,150
6/17/2023,701,7.5,12.15,66.4,74.1,41.6,32.6,175
6/17/2023,708,7.3,3,46.8,51.5,36.3,24.7,100
6/17/2023,701,7.1,8.9,42.4,68.2,51.6,60.4,300
6/18/2023,708,7.4,3.2,29.5,38.9,24.8,48.6,150
6/18/2023,701,7.5,4.1,40.1,68.8,45.2,33.3,150
6/18/2023,708,7.3,6.24,57.8,75.3,60.2,30.7,200
6/18/2023,701,7.5,3.29,49.7,54.5,28.2,25.3,100
6/19/2023,708,6.8,7.4,26.3,75.5,28.1,24.6,250
6/19/2023,701,7.5,3.45,16.4,49.8,19.9,21.7,100
6/19/2023,708,7,5.28,55.6,61.2,48.4,29.6,150
6/19/2023,701,7.8,2.41,29.1,88.4,35.3,26.7,500
6/19/2023,705,7.3,3.14,59.7,61.5,29.3,24.4,125
6/19/2023,701,7.5,6.45,40.8,62.8,47.6,28.4,150
6/19/2023,708,8.5,5,25.2,39.5,30.5,20.2,150
6/19/2023,701,8,4.5,30.5,38.2,22.9,35.5,100
6/20/2023,708,7.8,3.15,51.6,63.9,45.1,30.2,75
6/20/2023,705,6.9,7.9,48.1,65.3,38.9,18.6,150
6/20/2023,701,7.2,8.15,46.9,71.3,21.6,33.9,175
6/20/2023,708,7.7,18.19,42.8,65.9,56.3,28.1,75
6/20/2023,705,7.3,2.65,53.3,56.1,40,31.7,150
6/20/2023,708,7.6,1.515,61.3,80.9,44.4,30.5,100
6/20/2023,705,7.6,3.2,28.5,35.2,22.2,22.2,350
6/20/2023,708,7.2,4.7,25.3,29.5,18.5,25.5,150
6/21/2023,70,7.4,3.45,63.9,71.6,48.2,18.2,400
6/21/2023,701,7,3.93,41.5,58.7,35.2,21.7,550
6/21/2023,708,7.4,3.15,35.4,47.2,41.2,30.5,50
6/21/2023,705,7.3,2.18,17.7,53.8,21.5,18.8,100
6/21/2023,701,7.4,24.56,90.5,132,75.8,43.3,300
6/21/2023,708,7.6,1.72,35.7,55.6,78.9,26.1,125
6/21/2023,705,7.5,2.83,25.7,78.1,31.2,49.2,275
6/21/2023,705,7.2,4.5,10.5,56.7,20.5,30.5,300
6/21/2023,701,7.3,4.8,22.2,40.2,18.5,25.2,150
6/21/2023,708,7.4,4.5,44.3,49.2,40.5,35.2,150
6/22/2023,701,7,9.8,81.2,78.6,51.4,39.5,350
6/22/2023,705,7.1,3.58,16,48.8,19.5,26.1,375
6/22/2023,701,7,7.32,12.9,39.4,15.7,19.6,600
6/22/2023,708,7.6,6.8,54.3,59.5,38.2,30.6,250
6/22/2023,701,7.2,3.7,28.1,30.2,17.6,28.1,100
6/22/2023,708,7.5,2.6,19.5,24.6,21.8,31.9,100
6/23/2023,701,7.3,1.8,55.4,68.5,38.3,31.6,75
6/23/2023,708,7.8,5.51,38.6,41.5,30.7,17.9,50
6/23/2023,701,7.4,3.51,68.7,57.3,38.1,26.5,100
6/23/2023,708,7.5,35.6,128,164,82.5,36.7,350
6/23/2023,701,7.7,21.7,69.3,96.3,58.2,30.5,225
6/23/2023,708,7.9,3.9,19.5,35.2,25.5,33.2,100
6/23/2023,701,7.5,2.3,26.8,31.3,32.2,29.4,75
6/24/2023,708,7.6,2.45,25.4,61.3,29.2,18.4,75
6/24/2023,701,7,6.5,38.4,65.6,31.6,18.7,150
6/24/2023,705,6.8,7.81,31.3,48.5,28.6,33.5,175
6/24/2023,708,7.7,21.28,81.3,126,69.5,36.2,225
6/24/2023,701,7.2,7.24,47.4,61.3,38.9,26.2,150
6/24/2023,708,7.5,12.5,39.5,65.2,35.2,39.5,200
6/24/2023,701,7.4,3.2,18.9,25.2,32.2,18.9,100
6/24/2023,708,7.6,2.2,19.8,24.3,21.6,34.8,100
6/25/2023,701,7.1,5.1,33.9,61.2,40.2,30.5,125
6/25/2023,708,7.5,7.48,58.5,69.3,34.2,27.4,150
6/25/2023,701,7.8,4.56,63.5,74.4,51.1,18.3,100
6/25/2023,708,8.2,6.55,21.5,36.8,24.2,41.4,150
6/26/2023,701,6.8,7.38,59.9,65.7,30.2,28.1,150
6/26/2023,708,8.1,2.58,30.1,43.5,31.6,24.1,50
6/26/2023,701,7.1,5.4,62.4,86.2,71.8,126,300
6/26/2023,708,7.4,3.8,23.4,58.3,34.8,42.9,150
6/26/2023,701,7.6,9.3,28.4,64.3,36.3,42.9,300
6/26/2023,708,7.3,3.29,23.2,70.6,28.2,31.9,75
6/26/2023,701,7.1,2.96,22.4,65.2,26.2,19.1,75
6/27/2023,708,7.1,3.8,66.6,85.4,54.2,28.1,125
6/27/2023,701,7,3.45,26.7,81.1,32.4,54.1,100
6/27/2023,705,7.5,4,18.5,79.5,25.2,18.5,450
6/27/2023,701,7.4,2.77,70.4,79.3,53.6,28.2,100
6/27/2023,708,7.5,4.6,22.7,69,27.6,30.3,75
6/27/2023,701,7.3,3.7,26.7,81.3,32.5,35.7,75
6/27/2023,708,7.7,3.8,26.4,52.1,24.5,36.9,75
6/27/2023,701,7.2,5,48.1,61.5,47.1,30.4,200
6/27/2023,708,7.7,4.21,42.2,55.4,33.4,18.9,175
6/28/2023,701,7,5.68,12.6,38.2,15.3,26,200
6/28/2023,708,7.5,3.6,52.3,85.1,61.7,28.2,100
6/28/2023,701,7.7,3.55,23.6,71.8,28.7,33.3,50
6/28/2023,705,7,3.8,28.3,80.2,32.5,40.2,175
6/28/2023,701,7.2,10,49.5,77.2,25.2,39.5,250
6/28/2023,708,7,18.3,66.3,71.2,41.6,14.5,175
6/28/2023,705,6.8,7.3,49.2,70,36.1,26.2,200
6/28/2023,708,7.3,7.7,58.3,110,55.8,38,300
6/29/2023,701,6.7,9.28,76.4,88.3,55.5,31.9,175
6/29/2023,708,7.8,6.35,40.6,80.1,48.5,51.8,150
6/29/2023,705,7.5,5.8,24.3,74.5,30.5,23.9,75
6/29/2023,701,7.2,3.3,19.5,62.4,22.4,31.9,100
6/29/2023,708,7.1,16.1,42.3,58.1,41.2,18.6,175
6/29/2023,701,8.4,3.6,75.2,71.4,40.2,23.8,75
6/30/2023,708,7.6,8.14,28.7,69.3,48.5,30.2,200
6/30/2023,701,7.8,7.6,24.8,75.3,30.1,40,500
6/30/2023,705,7.2,7.52,26.5,80.7,32.3,23.7,500
6/30/2023,708,7.6,5.63,25.8,78.4,31.4,25.7,50
6/30/2023,701,7.4,4.45,29.6,62.4,36.4,69.5,125
6/30/2023,708,7.2,2.5,19.7,28.3,21.4,32.8,125
6/30/2023,701,7.4,4.75,38.7,51.4,29.5,27.2,50
6/30/2023,708,8.2,9.45,66,74.5,51.2,26.1,300
6/30/2023,701,7.2,3.28,26.1,36,24.6,20.3,100
6/30/2023,708,8.2,4.1,19.4,58.2,23.3,23.3,75
7/1/2023,705,7.3,5.87,62.9,93.2,40.2,44.7,250
7/1/2023,701,7.3,2.92,28.7,69.2,24.2,19.5,75
7/1/2023,708,7.5,3.1,22.8,45.3,29.6,32.4,100
7/1/2023,701,6.9,9.6,56.9,69.4,31.8,62.6,300
7/1/2023,708,7,17.1,66.4,75.2,41.2,32.4,150
7/1/2023,701,7.2,5.18,57.5,78.9,46.2,18.4,125
7/1/2023,708,7,13.41,66.2,75.1,51.3,28.7,100
7/2/2023,701,6.8,7.66,63,77.6,50.1,45.7,175
7/2/2023,708,8.5,9.7,44.8,69.9,45.7,65.8,250
7/2/2023,701,7.1,8.2,32.4,39.4,31.3,45.7,250
7/3/2023,708,7.3,11.6,18.1,55,22.1,18.1,300
7/3/2023,701,6.5,9.2,80.9,240,130,78.9,250
7/3/2023,708,7.5,4.16,64.4,135,78.3,47.5,500
7/3/2023,701,7.8,3.3,54.6,16,66.7,85.4,100
7/3/2023,705,7.1,4.41,30.5,81.4,38.7,31.9,125
7/3/2023,708,7.1,3.9,25.2,60.1,26.4,19.1,75
7/3/2023,701,7.2,4.08,25.2,70.3,28.3,20,50
7/3/2023,708,7.2,3.8,19.8,46.6,28.4,39.5,150
7/4/2023,701,7.4,3.75,19.5,40.8,21.8,22.6,100
7/4/2023,708,7.6,3.1,22.6,31.9,28.3,39.3,150
7/4/2023,701,7,6,38.7,48.1,31.5,19.3,175
7/4/2023,708,7.7,7.3,53.4,66.2,37.5,21.6,150
7/4/2023,701,7.6,13.7,62.2,53.9,43.3,25.9,175
7/4/2023,708,7.6,4.5,45.1,46.2,33.9,27.6,50
7/4/2023,701,7.3,6.8,28.2,65.4,29.4,22.3,250
7/4/2023,708,7.7,3.1,80.7,61.9,38.5,16.4,125
7/5/2023,701,7,2.36,22.4,68,27.2,37,100
7/5/2023,708,8.2,8.5,105,89.5,44.9,35.2,200
7/5/2023,701,7.7,8.33,48.1,66.4,36.3,18.5,350
7/5/2023,708,7.7,4.9,31.5,46.6,48.1,14.7,125
7/5/2023,701,7.1,3.65,40.1,60.3,38.9,18.5,75
7/5/2023,708,7.6,3.9,47.6,63.4,40.5,28,100
7/5/2023,701,7.5,3.6,30.7,88.5,31.2,20.2,100
7/6/2023,708,7.3,2.7,36.9,105,44.2,21.7,100
7/6/2023,701,6.9,10.47,41.3,46.5,38.6,17.3,125
7/6/2023,708,7.4,4.15,48.1,61.6,33.9,21.5,100
7/6/2023,701,7,13.1,61.3,72.2,40.2,22.8,175
7/6/2023,708,7.3,17.15,43.9,51.5,36.5,21.8,150
7/6/2023,701,7.3,4.51,40.4,58.1,51.3,18.6,100
7/7/2023,708,7.3,4.2,18.6,56.5,22.6,69.8,100
7/7/2023,701,7.4,3.8,23.2,39.2,29.5,18.2,150
7/7/2023,708,7.5,5.8,29.4,55.6,34.9,62.5,250
7/7/2023,701,7.4,3.41,38.6,41.5,33.5,21.4,75
7/7/2023,708,8.2,5,48.6,71.3,34.5,25.9,100
7/7/2023,701,7.2,3.94,41.3,50.9,38.8,23.4,125
7/7/2023,708,7.4,5,55.7,62.3,38.1,26.2,100
7/8/2023,701,7.6,3.2,27.6,45.9,25.3,48.8,75
7/8/2023,708,7.4,1.15,22.4,26.8,24.9,31.6,100
7/8/2023,701,7.4,3.45,29.5,32.8,31.6,44.8,100
7/8/2023,708,7.2,3.71,35.2,41.8,38.6,31.2,75
7/8/2023,701,7.1,5.74,59.1,83.6,60.3,30.1,100
7/8/2023,708,7.3,10.41,58.6,41.6,34.3,18.7,175
7/8/2023,701,7.3,4.88,50.1,63.7,58.6,28.5,150
7/8/2023,708,7.5,4.2,28.5,29.2,22.2,12.5,100
7/26/2023,708,8.1,3.51,41.5,51.9,38.9,30.1,125
7/26/2023,701,7.2,12.1,51.3,72.6,45.1,25.2,150
7/26/2023,708,7.9,4.38,70.1,82.3,65.5,28.2,100
7/26/2023,701,7.2,3.44,21.9,66.8,26.7,29,75
7/26/2023,708,7.5,4.01,18.9,57.5,23,30,100
7/27/2023,701,6.9,9.5,85.4,101,68.5,24.9,300
7/27/2023,708,7.1,3,25.2,61.4,29.4,19.5,100
7/27/2023,701,6.9,3.75,22,66.2,26.7,48.4,100
7/27/2023,705,7.5,5.75,39.6,48.1,31.9,28.6,125
7/27/2023,708,7.6,2.7,48.2,71.1,39.5,30.3,100
7/27/2023,701,7.3,2.13,28.1,62.4,39.9,21.3,75
7/28/2023,708,7.1,2,26.1,36.3,22.5,36.6,100
7/28/2023,701,7.4,8.1,19.5,58.4,26.3,88.4,200
7/28/2023,708,7.8,18.3,62.4,78.1,44.3,38.6,175
7/28/2023,701,7.7,13.5,48.2,61.3,57.3,35.7,150
7/28/2023,708,8.1,19.3,52.3,58.5,31.5,17.2,175
7/28/2023,701,7.3,8.29,10.9,28.5,11.2,10.2,225
7/28/2023,708,8,5.3,72.2,220,87.8,701,50
7/29/2023,701,7.5,3.65,17.9,51.6,22.6,36.4,100
7/29/2023,708,7.6,4.6,19.5,32.4,24.8,41.9,100
7/29/2023,701,7.6,6.3,58.3,73.4,41.8,37.3,125
7/29/2023,708,8,4.35,38.5,48.3,31.2,17.4,100
7/29/2023,708,8.5,2.8,36.7,44.3,50.1,24.3,125
7/29/2023,701,7.3,5.96,36.5,59.1,44.2,27.8,100
7/30/2023,708,7.2,3,29.5,32.5,22.2,18.2,150
7/30/2023,701,7.1,4.15,48.1,43.7,31.5,17.9,125
7/30/2023,701,7.1,3.81,58.6,72.8,31.5,30.2,100
7/30/2023,701,7.3,4.23,40.7,49.4,47.2,24.3,125
7/31/2023,708,6.8,6.8,32.4,62.3,28.3,21.6,250
7/31/2023,701,7,5.6,30.1,61.2,24.6,19.4,175
7/31/2023,708,7.3,3.5,25.2,35.1,28.5,17.6,200
7/31/2023,701,8.2,5.61,46.6,61.1,39.8,32.9,50
7/31/2023,708,7.4,3.85,43.5,50.7,36.1,24.5,75
7/31/2023,705,7.2,5.54,58.2,64.3,47.9,28.1,200
7/31/2023,701,7.4,4.09,19.4,58.9,23.6,24.1,75
7/31/2023,708,7.5,5.68,42.3,32.6,54.7,29.4,175
7/31/2023,701,7.3,6.1,22.4,39.5,24.8,41.7,175
7/31/2023,708,7.5,4.65,22.7,32.4,26.5,31.5,75
8/1/2023,701,7.1,5.81,48.5,63.9,37.3,19.6,100
8/1/2023,708,7.3,14.3,44.3,71.2,21.2,17.8,150
8/1/2023,701,7.1,11.65,72.5,105,80.3,31.8,200
8/1/2023,708,7.8,4.68,20.8,76.5,26.9,28.7,150
8/1/2023,701,7.4,6.19,55.1,76.2,40.7,24.5,100
8/1/2023,708,7.4,4.3,25.5,29.2,30.2,10.2,150
8/1/2023,701,7.3,3.4,25.2,61.3,29.4,18.5,75
8/2/2023,708,7.6,3.7,26.4,60.8,32.4,50.7,75
8/2/2023,701,7.7,23.7,61,67.5,51.8,31.9,150
8/2/2023,708,8.3,3.15,48.1,62.6,43.3,27.6,125
8/2/2023,701,7.3,16,95.3,290,116,79.5,250
8/2/2023,708,7.2,12.96,15.7,47.7,19.1,17.6,500
8/2/2023,701,7.2,9.54,21.4,66.4,26.9,27.4,300
8/2/2023,708,7.5,9,10.2,19.5,15.2,25.9,175
8/3/2023,701,7,9,58.2,63.4,46.5,31.9,150
8/3/2023,708,7.4,35.1,41.5,48.1,38.6,33.7,125
8/3/2023,701,7,11.27,48.3,61.6,38.3,17.2,100
8/3/2023,708,7.3,5.02,19.1,58,23.2,34.6,125
8/3/2023,701,7.2,6.1,25.5,72.2,30.6,31.8,125
8/3/2023,708,7.4,9.8,59.5,120,62.4,48.9,300
8/3/2023,701,7.8,8.07,28.4,86.4,34.6,30,50
8/3/2023,708,7.5,8.3,35,106,42.6,41.4,350
8/4/2023,701,7.5,6.74,34.8,106,42.4,52.3,50
8/4/2023,708,7.6,3.87,25,76,30.4,25.4,75
8/4/2023,701,7.2,4.23,48.1,61.6,34.6,18.4,100
8/4/2023,708,8.4,4.15,50.2,65.9,44.3,21.6,100
8/4/2023,701,8.2,18.24,185,456,210,31.1,175
8/4/2023,708,7.6,5.2,18.5,65.2,25.3,18.5,200
8/4/2023,701,7.4,5.9,27.2,38.5,19.2,32.5,150
8/5/2023,708,7.3,8.1,28.5,62.3,31.6,17.5,250
8/5/2023,701,7.4,6.5,39.6,55.3,42.3,19.3,300
8/5/2023,708,7.3,10.3,25.3,76.9,30.8,27.3,200
8/5/2023,705,7,8.65,77.4,96.1,35.3,16.2,175
8/5/2023,701,7.5,12,98.2,150,79.1,40.6,250
8/5/2023,708,7.2,14.29,30.1,86.5,36.8,31,100
8/5/2023,701,7.4,5.2,26.9,48.2,31.4,32.7,250
8/5/2023,708,7.2,3,29.3,29.2,17.5,15.9,150
8/5/2023,701,7.9,4.47,28.4,30.2,35.1,40.2,200
8/6/2023,701,7.2,4.15,48.4,71.2,40.1,18.5,125
8/6/2023,708,8,14.1,41.6,63.2,45.9,22.9,150
8/6/2023,701,7.4,3.85,22.4,36.2,21.8,39.5,200
8/7/2023,701,6.5,10.33,20.6,62.8,25.1,32.3,75
8/7/2023,708,7.1,7.56,16.6,50.4,20.8,22.1,100
8/7/2023,705,7.5,5.5,22.9,75.5,30.2,20.5,175
8/7/2023,701,7.2,6.3,15.2,38.5,19.5,22.2,200
8/7/2023,708,7.2,7.66,27.5,54.3,34.6,30.1,150
8/7/2023,701,7.1,6.7,48.5,71.5,35.2,20.5,175
8/8/2023,708,7.5,9.8,23.2,77.5,28.5,29.3,175
8/8/2023,701,7.3,7.58,18.3,55.6,22.2,23,75
8/8/2023,708,7.4,7.8,16.9,51.3,20.6,26.8,150
8/8/2023,701,7.4,8.8,14.1,42.8,17.3,23.3,200
8/8/2023,708,7.4,9.15,12.2,39.9,15.4,18.7,150
8/8/2023,701,7.3,6.81,48.1,61.5,21.6,17.5,125
8/8/2023,708,7.2,5,48.1,53.2,37.5,21.8,100
8/8/2023,701,7.4,4.95,22,67,26.8,22.1,75
8/9/2023,708,7.8,2.5,22.1,67.6,27,19.8,50
8/9/2023,701,7.2,4.75,18.3,55.7,22.3,20.2,75
8/9/2023,708,7.8,3,20.2,42.5,18.5,32.5,100
8/9/2023,701,8,4.5,21.9,66.7,26.7,34.9,150
8/9/2023,708,7.1,10.15,51.5,74.1,38.6,21.4,150
8/9/2023,701,7.2,8.2,30.3,72.5,34.6,21.6,250
8/9/2023,708,7,14.33,51.8,45.7,42.9,21.4,150
8/10/2023,701,7.3,8.15,20.3,61.7,24.7,20.4,50
8/10/2023,708,7.5,4.86,20.7,63.5,27.8,26.1,100
8/10/2023,701,7.4,13.1,22.3,68.3,27.4,21.4,150
8/10/2023,708,7.2,8.1,18.3,55.6,22.3,23,100
8/10/2023,701,7,6,48.1,52.6,31.3,28.3,125
8/10/2023,708,7.2,4.75,52.6,71.3,47.1,21.5,100
8/11/2023,701,8.1,8.2,19.4,59,23.6,27.8,175
8/11/2023,708,8,7.54,20.4,61.9,24.8,31.6,100
8/11/2023,701,7.2,10.32,23,69.9,28,32.5,300
8/11/2023,708,7.3,10.5,27.2,65.5,32.5,22.5,175
8/11/2023,701,7.3,9.2,47.2,65.2,22.5,18.5,200
8/11/2023,708,7.1,13.8,49.5,79.3,52.3,36.3,300
8/12/2023,701,7.7,4.77,24,72.9,29.2,31.5,50
8/12/2023,708,7.4,7.1,28.2,75.9,34.4,44.8,175
8/12/2023,701,7.4,2.86,19,57.7,23.1,48.8,75
8/12/2023,708,7.3,9.5,28.3,35.2,17.5,82.5,200
8/12/2023,701,7.4,8.3,27.3,39.2,22.5,18.2,175
8/12/2023,708,7.3,5,48.1,61.6,21.4,17.2,125
8/12/2023,701,7,7.29,40.8,64.5,32.4,16.7,100
8/13/2023,708,7.8,6.91,50.7,78.2,50.1,18.3,150
8/13/2023,701,7,6,48.5,61.2,32.4,23.7,125
8/13/2023,708,6.9,5.15,19.3,75.2,41.8,31.5,250
8/14/2023,701,7,8.75,40.5,201,80.2,218,500
8/14/2023,708,8.4,2.3,73.8,56.2,27.3,43.4,100
8/14/2023,701,7.5,4.77,13.7,42.3,19.8,83.9,100
8/14/2023,708,7.4,6.1,19.5,59.4,23.8,56.8,150
8/14/2023,705,7,5.8,25.1,62.3,28.4,18.7,200
8/14/2023,701,7.1,4.5,22.2,64.6,38.8,54.3,175
8/14/2023,708,7,4,32.7,83.2,39.5,44.1,125
8/15/2023,701,6.8,5.18,37.9,45.2,27.5,18.6,125
8/16/2023,708,7.5,2.23,29.2,65.5,18.5,18.5,75
8/16/2023,701,7.3,5.2,32.5,39.2,22.5,20.2,150
8/16/2023,708,7.3,8.2,71.4,96.2,48.3,31.8,150
8/16/2023,705,7,6,58.4,66.2,62.6,35.7,125
8/16/2023,708,8.4,11.7,31.2,37.8,30,16.9,200
8/16/2023,701,7.4,11.85,19.1,58,23.2,22.6,150
8/17/2023,708,7.4,7.5,18.8,31.9,19.5,26.8,125
8/17/2023,701,7.3,7.8,48.7,57.9,23.4,20.2,100
8/17/2023,708,7.4,3,25.7,66.5,30.1,17.2,100
8/17/2023,701,7.6,5.81,6,58.1,34.2,18.4,75
8/17/2023,708,8.2,6,45.2,68.6,35.4,19.5,125
8/17/2023,701,7,9.25,64.3,71.7,51.8,133.5,175
8/17/2023,708,7.3,6.55,20.7,63.1,25.2,24.3,125
8/17/2023,701,7.7,10.63,13.5,41.1,16.5,21,50
8/18/2023,708,7.9,6.3,19.3,21.4,24.3,27.2,75
8/18/2023,701,7.4,8,16.6,50.5,20.2,27.4,125
8/18/2023,701,7.1,16.15,41.2,68.4,48.3,27.5,150
8/18/2023,708,8.1,12.7,38.3,53.4,25.2,30.5,150
8/18/2023,701,7,183,52.3,71.2,43.6,17.4,175
8/18/2023,705,7.1,5.95,51.5,45.3,46.3,28.5,150
8/18/2023,708,7,10.31,32.1,94.3,40.6,31.8,200
8/19/2023,701,7.2,7.3,15.2,45.5,18,20.5,75
8/19/2023,708,7.3,6.4,48.2,61.5,36.6,31.2,100
8/19/2023,701,7.1,7,39.5,47.6,31,19.3,150
8/19/2023,708,7.2,16.1,53.6,61.2,35.1,28.5,125
8/19/2023,701,7.6,8.81,61.3,72.5,38.5,29.6,200
8/19/2023,708,7.7,6.28,58.7,61.3,46.4,30.2,150
8/19/2023,701,6.9,7.1,31.6,56.9,38.8,32.6,300
8/20/2023,708,7.1,4.1,26.7,59.4,31.3,36.3,250
8/20/2023,701,7.1,10.66,35,106,42.5,363,150
8/20/2023,708,7.5,11.2,68.5,87.8,39.5,41.6,250
8/21/2023,701,7,8.41,71.4,87.5,68.3,32.5,350
8/21/2023,708,8,4.24,111,339,136,141,300
8/21/2023,701,6.7,23.03,99.3,303,121,159,250
8/21/2023,708,6.8,13.2,43.5,142,51.2,41.8,200
8/21/2023,701,7.5,7.33,24.4,74.3,29.7,34.3,50
8/21/2023,708,7,5.1,22.4,67.2,26.6,19.3,125
8/22/2023,701,7.2,5.5,25,76,30.4,35.2,50
8/22/2023,708,7.4,3.35,25.9,56.3,30.6,21.4,100
8/22/2023,701,7.4,4.55,28.9,95,26.4,17.5,75
8/22/2023,708,7.3,5.51,26.8,29.4,22.9,23.7,100
8/22/2023,701,7,6.9,20.2,39.2,18.5,15.2,150
8/22/2023,708,7.8,6.52,23.1,70.4,28.2,36.7,150
8/22/2023,701,7.2,5.1,19.2,60.1,24.5,25.3,100
8/23/2023,708,7.6,6,41.6,48.5,32.5,21.2,100
8/23/2023,701,8.4,5,46.9,61.2,35.2,26.8,125
8/23/2023,708,7.3,40.5,31.9,96.9,38.8,59,250
8/23/2023,701,7,4.5,19.4,29.5,23.6,23.3,200
8/23/2023,708,7.1,4.22,22.5,68.4,27.4,53.1,100
8/23/2023,701,7.5,4.37,20.5,62.4,24.9,32.9,50
8/24/2023,708,7.9,4.65,41.9,78.7,40.3,17.5,100
8/24/2023,701,6.6,16.15,55.7,63.2,35.1,41.3,175
8/24/2023,708,8.4,6,52.3,45.1,35.3,25.9,125
8/24/2023,705,7.3,9.48,26.2,79.9,31.9,36.9,150
8/24/2023,708,7.7,25.7,29,88.3,35.3,39.5,225
8/24/2023,701,7.8,4.65,25.2,76.7,30.2,37.6,50
8/24/2023,708,7.5,3.4,24.1,73.3,29.3,38.4,75
8/25/2023,701,7.5,3.31,47.8,69.5,33.7,32.2,50
8/25/2023,708,8.2,4.1,45.2,41.8,25.9,17.4,75
8/25/2023,701,7.9,6,38.5,52.6,40.9,22.3,100
8/25/2023,708,7,7.64,19.9,60.5,24.2,30,200
8/25/2023,701,7.3,11.75,180,547,219,68.5,100
8/25/2023,708,6.9,7.1,22.3,67.9,27.1,34.3,150
8/25/2023,701,7.4,5,19.2,51.6,24.8,32.3,75
8/25/2023,708,7.1,5.3,18.9,45.2,22.4,26.7,100
8/26/2023,701,7.1,5.51,55.8,63.7,38.6,34.1,100
8/26/2023,708,8.3,6,41.3,68.7,31.5,23.9,100
8/26/2023,701,7,5.8,34.6,47.3,23.4,15.2,75
8/26/2023,708,7.3,18.27,116,244,84.7,112,200
8/26/2023,701,7.7,10.93,56.4,78.1,40.2,31.9,150
8/26/2023,708,7.4,9.24,55.6,69.4,49.8,31.5,200
8/26/2023,701,7.7,13.95,93.6,285,114,31.2,250
8/26/2023,708,7.1,9.2,31.4,62.2,36.9,42.6,250
8/26/2023,701,7.3,9.5,22.9,32.4,17.8,62.3,250
8/27/2023,708,8.1,6.3,41.4,45.1,38.2,23.4,150
8/27/2023,701,7.7,6.35,39.5,110,41.8,69.5,250
8/27/2023,708,7.1,15.22,32.4,69.3,36.2,72.6,300
8/28/2023,701,7.1,9.55,15.6,47.4,27.6,48.9,300
8/28/2023,708,7.5,3.8,15.7,45.9,18.7,24.9,100
8/28/2023,701,7.1,9.5,35.5,82.5,25.3,25.2,250
8/28/2023,708,7.2,9.7,40.3,64.9,32.8,32.1,200
8/28/2023,701,6.9,9.26,94.9,289,115,69.6,150
8/28/2023,708,7.1,5.7,24,72.9,29.2,28.5,125
8/29/2023,701,7,7.5,39.5,120,48.5,21.2,250
8/29/2023,708,7,9.2,28.3,42.5,42.3,18.5,175
8/29/2023,701,7,8.15,21.5,63.4,30.6,28.5,150
8/29/2023,708,7.2,15.45,26.3,51.8,35.2,21.7,175
8/29/2023,701,7.2,8.1,23.7,72.1,28.8,27.7,250
8/29/2023,701,7,7.5,26.5,62.4,28.8,36.2,300
8/29/2023,708,7.3,5.7,20.5,62.2,25.4,23.2,150
8/29/2023,701,7.2,7.19,22.9,67,23.1,21.9,150
8/30/2023,708,7.5,2.44,19.3,58.7,23.5,20,100
8/30/2023,701,7.5,2.13,13.1,40,16,20.3,100
8/30/2023,708,7.6,10.9,18.5,49.2,20.5,18.5,175
8/30/2023,701,7.2,10.5,39.5,68.5,25.2,22.2,250
8/30/2023,708,7.3,5.51,43.5,71.8,38.6,19.9,75
8/30/2023,701,7.1,5.9,39.3,43.5,26.1,23.5,100
8/31/2023,708,7,16.3,65.7,218,72.4,120,300
8/31/2023,701,7.2,3.9,18.8,55.3,22.3,21.7,150
8/31/2023,708,7.1,4.15,66.2,75.4,44.1,25.5,100
8/31/2023,701,7.1,4,45.3,56.7,31.5,28.2,100
8/31/2023,708,8.4,6,55.4,63.7,35.5,29.4,75
8/31/2023,701,7.4,5.93,21.7,66.1,26.4,22.8,100
9/1/2023,708,7.2,5,27.3,71.5,28.6,24.3,100
9/1/2023,701,7.3,3.9,48.2,61.5,36.5,23.2,75
9/1/2023,708,7.2,6,31.4,68.1,41.6,21.5,125
9/1/2023,701,7.1,9.1,56.9,173,69.3,21.9,250
9/1/2023,708,8,5,15.9,45.2,19.2,18.5,150
9/1/2023,701,7.7,11.86,72.3,81.3,48.9,29.6,200
9/1/2023,708,7.6,3.88,20.4,62,24.8,21,75
9/2/2023,701,6.9,6.1,18.1,54.8,21.5,21.7,100
9/2/2023,708,7.6,6,31.9,73.5,17.8,12,100
9/2/2023,701,7.2,6.3,25.3,39.2,28.5,12.5,175
9/2/2023,708,7.2,18.37,79.3,124,68.8,35.1,200
9/2/2023,701,7.5,5.48,45.2,58.9,39.4,28.1,125
9/2/2023,708,7,4,27.9,48.5,18.2,13.5,100
9/3/2023,701,6.9,4.67,40.1,66.3,47.9,51.2,150
9/3/2023,708,8.1,8,56.8,110,59.3,120,300
9/3/2023,701,7.3,5.62,50.1,60.8,36.2,28.9,150
9/4/2023,708,6.5,12.3,62.4,120,82.9,52.7,200
9/4/2023,701,7.9,4.5,69.5,139,71.4,63.9,250
9/4/2023,708,7.2,8.25,138,419,168,147,500
9/4/2023,701,7.3,5.7,36.4,111,44.3,35.9,200
9/4/2023,708,8,4.38,17.1,51.9,20.8,24.4,50
9/4/2023,701,7.7,7.02,23.4,71.7,28.5,25.6,150
9/4/2023,708,7.4,4.01,17.2,52.2,20.9,20.4,75
9/5/2023,701,7.2,5,17.3,52.1,21.8,18.6,100
9/5/2023,708,7.2,4,23.8,72.4,29,19.7,150
9/5/2023,701,7.2,5.8,16.2,48.3,19.7,23,100
9/5/2023,708,7.1,8.46,28.9,80,30.2,36.1,150
9/5/2023,701,7,5.25,17.9,54.5,21.8,24,75
9/5/2023,708,7.3,4,28.2,35.9,22.2,15.5,150
9/6/2023,701,7.2,6.8,20.5,44.2,18.5,22.2,250
9/6/2023,705,8.3,6,18.2,36.5,15.5,29.8,175
9/6/2023,701,7,6.3,21.3,59.2,18.5,22.3,150
9/6/2023,708,8.2,20.5,47.8,71.5,38.8,31.5,175
9/6/2023,701,7.1,7,52.6,41.5,39.8,26.8,150
9/6/2023,708,7.1,6.24,51.7,63.9,46.6,28.5,100
9/6/2023,701,7.5,5.3,19.1,58.1,23.2,32.4,150
9/7/2023,708,7.3,9.1,38.5,120,42.7,88.9,250
9/7/2023,701,6.9,9.2,38.5,109,42.6,28.3,300
9/7/2023,708,7.2,4.1,48.1,53.2,38.6,30.2,150
9/7/2023,701,6.7,12.25,52.3,159,63.6,30.3,125
9/7/2023,708,7.4,4,38.2,63.9,31.1,33.9,100
9/7/2023,701,7.3,5.36,50.9,49.1,44.3,26.6,75
9/8/2023,705,7.4,4,22.4,65.5,25.2,18.5,150
9/8/2023,701,7.1,8.22,24.8,46.9,29.4,52.1,250
9/8/2023,708,7.7,5.15,45.3,73.6,40,18.4,150
9/8/2023,701,7,4,31.6,46.5,28.4,15.3,125
9/8/2023,708,7.5,5.8,25.2,61.5,26.8,20.3,100
9/8/2023,701,7,4.66,20.3,53.2,24.9,22.6,100
9/9/2023,708,7.5,17.8,86.2,112,92.4,66.5,200
9/9/2023,705,7,6.1,22.6,56.4,32.2,35.1,150
9/9/2023,701,7.2,18.7,29.4,61.6,25.2,16.4,150
9/9/2023,708,6.9,16,38.1,45.2,31.5,17.3,125
9/9/2023,701,7,7.15,40,61.2,38.6,21.5,150
9/9/2023,708,7.9,16.15,82.7,109,76.5,44.4,200
9/9/2023,701,7.4,6.24,64.3,70.1,53.5,28.4,150
9/10/2023,708,7.2,11.6,36.3,62.1,42.3,41.7,150
9/10/2023,701,7.1,6,48.1,60.1,37.1,17.8,100
9/10/2023,708,7.3,5.2,35.3,72.8,27.4,28.6,125
9/10/2023,705,6.8,7.3,43.2,55.4,48.1,27.4,150
9/10/2023,708,7.3,10.28,48.5,126,53.6,34.5,200
9/11/2023,701,6.8,12.5,55.6,150,77.5,32.5,200
9/11/2023,708,7.2,12.28,28.5,73.8,30.1,31.1,175
9/11/2023,705,7.5,4.7,73.4,190,82.9,55.3,200
9/11/2023,701,6.5,12.47,90.6,279,111,89.1,300
9/11/2023,708,7.5,3.55,20.6,67.9,245,22.6,100
9/11/2023,705,7.1,10.1,31.3,62.4,32.9,88.4,200
9/11/2023,701,7.4,4.52,23.9,72.7,29.1,20.4,50
9/12/2023,708,7.2,6,31.5,73.1,28.4,30.6,100
9/12/2023,701,8.1,8,75.2,81.2,34.2,35.4,150
9/12/2023,708,7.1,4.33,41.2,66.4,26.8,23.7,100
9/12/2023,708,6.9,9.08,36.3,111,44.2,23,150
9/12/2023,705,7.1,5.48,25.2,76.7,30.7,25.5,75
9/12/2023,701,7.3,4.55,22.3,68,27.6,23.2,100
9/12/2023,708,7.1,4.8,19.2,57.9,23.4,24.6,100
9/13/2023,701,7.6,6.4,20.5,62.9,25.3,18,50
9/13/2023,708,7.2,8.78,35.7,109,43.5,29.9,100
9/13/2023,701,7.2,6.36,18.6,56.6,22.6,21.6,50
9/13/2023,708,7.1,12.16,20.4,62.2,25.8,28.9,200
9/13/2023,701,7.5,5.1,18.2,55.3,22.1,21.1,100
9/13/2023,708,7.7,4.51,36.9,48.1,27.5,18.9,75
9/13/2023,701,6.5,11.25,70.4,88.9,40.8,30.2,150
9/14/2023,708,7,4.48,18.6,56.6,22.6,36.2,75
9/14/2023,701,7.3,10.53,18.8,57.2,22.9,31,175
9/14/2023,708,8.2,6.05,37.9,41.2,24.3,17.4,100
9/14/2023,701,7.4,12.5,55.8,71.5,41.2,19.8,175
9/14/2023,708,7.2,24.32,80.1,128,61.3,34.5,200
9/14/2023,701,7.2,8.5,75.6,69.9,70.1,61.3,250
9/14/2023,708,7.1,7.62,50.3,68.6,24.5,20.3,200
9/15/2023,701,7.6,11,68.6,72.3,38.9,31.8,150
9/15/2023,708,7.2,9.3,63.9,76.8,45.1,37.4,125
9/15/2023,701,7,4.33,48.2,61.5,37.3,18.3,75
9/15/2023,708,7.3,7.1,35.6,72.4,28.3,31.4,200
9/15/2023,701,7.2,5.1,14.7,44.2,17.9,31.6,75
9/16/2023,708,8.2,10.15,38.5,51.6,27.9,17.4,175
9/16/2023,701,8.3,6,23.9,72.8,29.1,30.6,25
9/16/2023,708,7.4,5.81,48.5,52.7,38.5,31.7,75
9/16/2023,701,6.5,3.81,15.9,48.4,19.3,20.8,100
9/16/2023,708,7,4.2,22.9,75.5,26.5,18.9,150
9/16/2023,701,7,3,27.2,38.5,22.5,15.5,100
9/16/2023,708,7,4.65,19.5,32.2,21.6,34.7,150
9/17/2023,701,7.8,7,68.6,75.4,43.5,168,150
9/17/2023,708,7.3,16.28,98.1,119,81.5,35.4,200
9/17/2023,701,6.8,18.36,27.7,84.4,33.8,53.9,250
9/17/2023,708,7.3,12.1,51.9,65.2,58.5,42.8,250
9/18/2023,701,6.5,14.56,26.3,79.9,32,82.1,200
9/18/2023,708,8,4.79,16.3,49.7,19.9,32.1,75
9/18/2023,701,6.2,8.2,39.5,65.5,24.2,18.5,200
9/18/2023,708,7.5,5.8,27.5,68.4,36.9,110,300
9/18/2023,701,7,3.6,24.1,53.2,29.8,37.6,100
9/18/2023,708,7,6.68,28.9,61.3,32.1,22.4,250
9/18/2023,701,7,6,21.4,65,26.4,23,100
9/19/2023,708,7,9.8,18.5,65,22.5,15.2,200
9/19/2023,701,7,6.1,28.5,75.5,25.2,18.3,175
9/19/2023,708,7,6.1,31.8,96.6,38.6,24.7,150
9/19/2023,701,7.6,5.18,17.4,52.9,21.1,24.3,200
9/19/2023,708,7.2,3.7,19.4,62.4,24.3,23.9,100
9/19/2023,701,7.4,3.6,22.6,56.8,28.3,29.6,150
9/19/2023,708,7.8,3.4,21.5,66.7,26.3,28.2,50
9/19/2023,701,7.5,2,41.8,53.7,38.5,30.6,75
9/20/2023,708,8.2,6.1,21.8,66.1,26.6,22.7,150
9/20/2023,705,7.2,2.78,15.5,46.5,18.6,24.4,75
9/20/2023,701,8.3,4,14.5,44,17.6,24.4,75
9/20/2023,708,7.2,10.2,18.5,49.3,15.3,21.2,200
9/20/2023,701,7.2,5,21.5,41.2,20.3,13.4,100
9/20/2023,708,7.3,5.45,22.2,64.6,27,28.2,100
9/20/2023,701,7,5.4,86.2,72.4,38.2,17.4,100
9/21/2023,708,7,8.59,32.2,98.4,39.3,42.5,100
9/21/2023,705,7.3,14.1,17.6,53.5,21.4,24.8,175
9/21/2023,701,7.7,5.62,22.2,67.6,27,24,25
9/21/2023,708,7,8.1,26.8,42.4,32.1,39.8,200
9/21/2023,701,7,10.8,18.3,55.6,22.2,28.5,200
9/21/2023,708,7.2,5.33,21.5,34.8,16.9,12.4,100
9/21/2023,701,7.3,6.15,36.5,48.2,35.1,19.2,75
9/22/2023,708,7.5,9.51,26.8,81.6,32.6,25.6,100
9/22/2023,701,6.8,25,387,1178,471,33.6,250
9/22/2023,708,7.1,7.8,19.8,42.5,24.6,33.7,250
9/22/2023,701,7.5,12.9,55.2,150,65.2,102,200
9/22/2023,708,7,3.5,16.8,51.2,20.5,32.7,150
9/22/2023,701,7,9,52.2,81.4,41.2,24.5,250
9/23/2023,708,7.3,9.13,23,70.1,28,22.2,125
9/23/2023,701,7.2,11.98,26,79.1,31.7,24.8,150
9/23/2023,708,7.4,3.3,21.6,65.8,26.3,26.6,100
9/23/2023,701,7.8,4.5,48.5,98.5,49.2,22.9,250
9/23/2023,708,7.3,5,15.3,29.5,18.3,15.5,150
9/23/2023,708,7.5,13.6,32.6,117,39.3,26.2,250
9/23/2023,701,7.2,9,27.9,84.9,33.9,33.2,75
9/24/2023,708,7.9,4.55,62.3,58.1,40.2,29.5,150
9/24/2023,701,7,9.1,18.5,63.9,22.7,26.6,100
9/24/2023,708,7,3.4,26.5,42.2,32.2,18.5,175
9/24/2023,701,8.2,5,18.1,36.9,24.3,52.4,200
9/24/2023,708,7,12.35,48.3,52.4,36.5,21.6,175
9/25/2023,701,7,7.9,14.2,43.3,17.3,25,200
9/25/2023,708,7.1,4.1,19.7,42.4,22.2,59.9,200
9/25/2023,701,7,9.2,48.3,90.5,50.4,30.2,200
9/25/2023,708,7.5,6.91,31.4,62.2,42.1,28.6,250
9/25/2023,705,7.1,8,25.6,60.9,31.4,19.2,200
9/25/2023,701,7,7.25,20.6,50.1,25,21.2,175
9/25/2023,708,7.6,5.98,22.8,69.3,27.7,30.2,125
9/25/2023,701,7.1,5.13,18.6,56.4,22.6,21.8,100
9/26/2023,708,7,7.9,15.7,47.3,18.9,21,250
9/26/2023,701,7.1,8.95,41.2,66.1,31.5,18.3,125
9/26/2023,708,8.1,2.15,46.5,53.9,38.6,21.5,100
9/26/2023,701,6.5,13.9,58.4,61.5,35.4,30.2,175
9/26/2023,708,7.3,20.1,46.5,63.2,48.6,23.5,150
9/26/2023,701,7.2,4.28,22.3,67.7,27.1,24.9,50
9/26/2023,708,7.4,7.5,15.2,48.5,18.5,22.2,200
9/27/2023,701,7.1,3.13,16.3,49.6,19.9,31.4,50
9/27/2023,708,7.1,9.3,48.5,51.6,31.2,26.8,150
9/27/2023,701,6.8,15.1,61.5,75.6,48.3,28.3,175
9/27/2023,708,8.1,18.15,60.3,72.7,35.9,21.4,150
9/27/2023,701,7,6.2,24.5,74.1,29.3,33.8,175
9/28/2023,708,6.8,12.3,36.8,65.2,41.8,48.3,250
9/29/2023,701,7.4,5.1,28.9,41.3,29.4,34.3,50
9/29/2023,708,7.4,1.41,18.9,47.5,31.5,26.3,75
9/29/2023,701,7,4.45,48.3,62.6,35.2,17.9,100
9/29/2023,708,7.4,6,38.5,51.4,29.9,22.4,75
9/29/2023,701,7.9,5.81,45.1,53.9,34.2,32.7,100
9/29/2023,708,7.1,7.66,18.7,57,22.8,23,125
9/30/2023,701,7.2,5.2,20.2,61,22.9,24,75
9/30/2023,708,7.1,9.3,48.5,51.6,31.2,26.8,150
9/30/2023,701,7.1,5.33,17.4,51.1,21.7,25.4,75
9/30/2023,708,7.3,6,56.1,55.3,31.5,18.6,100
9/30/2023,701,6.8,16.1,53.9,61.4,33.4,36.8,175
9/30/2023,708,7.3,5.16,60.6,72.9,51.1,24.5,100
9/30/2023,701,6.9,6.52,66.3,72.5,54.2,31.6,150
10/1/2023,708,7.6,4.15,38.1,51.3,25.4,13.5,100
10/1/2023,701,6.9,7.6,42.1,128,51.3,48,175
10/2/2023,708,6.7,12.7,75.6,97.5,40.3,28.5,200
10/2/2023,701,6.8,5.3,23.9,72.5,29.1,48.1,125
10/2/2023,705,7.4,5,96.4,260,85.7,36.5,150
10/2/2023,708,7.5,32.8,27.3,83.2,33.3,140,500
10/2/2023,701,7.7,5.63,16.7,50.8,20.3,25.1,50
10/2/2023,708,7.5,11.64,15.9,48.5,19.4,29.7,150
10/2/2023,701,7.8,9.1,22.8,46.5,29.3,34.7,200
10/2/2023,708,7.5,7,26.5,39.2,27.2,18.5,150
10/3/2023,701,7.2,3.81,48.2,51.5,32.6,13.4,75
10/3/2023,708,7.3,3.27,14.2,43.2,17.3,22.6,125
10/3/2023,701,7.5,5.9,35.3,38.7,28.4,17.9,100
10/3/2023,708,7.5,4.35,18.4,41.5,21.7,17.4,100
10/3/2023,701,6.9,29.74,21.7,65.9,26.3,25.3,250
10/3/2023,708,7.4,5.65,14.2,43.1,17.2,29.5,75
10/3/2023,701,7.2,4.8,18.1,54.9,22,33.7,75
10/3/2023,708,7,3.4,18.5,39.5,22.5,25.5,150
10/3/2023,701,7.6,4.3,38.5,46.1,31.1,26.3,75
10/4/2023,708,8.1,2.51,48.1,53.2,37.9,21.5,75
10/4/2023,701,7.5,20.3,42.1,46.3,36.5,28.4,175
10/4/2023,708,7.7,6,48.7,57.2,27.3,21.5,125
10/4/2023,701,7.1,5.33,20,60.9,24.4,22.9,75
10/4/2023,708,7.6,4.05,18.5,56.4,22.5,25,100
10/4/2023,701,7.5,5.2,35.5,66.2,43.2,32.5,125
10/5/2023,708,6.5,14.1,38.3,48.1,27.5,22.8,175
10/5/2023,701,7,11.33,46.5,50.3,38.3,28.4,150
10/5/2023,708,7.4,6,52.3,71.6,31.5,18.2,100
10/5/2023,701,7.9,8.7,20.6,62.7,25.1,29.2,50
10/5/2023,708,7.8,6,20.7,62.9,25.2,25.4,75
10/5/2023,701,7.2,5.1,19.5,32.1,21.8,9.25,75
10/5/2023,708,7.1,4.33,17.4,51.8,25.2,18.3,100
10/6/2023,701,7.3,4.15,48.1,51.5,37.3,21.8,75
10/6/2023,708,7.7,5.9,41.3,46.5,31.5,18.2,100
10/6/2023,701,7.1,13.15,38.5,54.4,34.3,25.4,150
10/6/2023,708,8,5,35.9,43.7,27.4,18.3,75
10/6/2023,701,6.5,0.377,0,0,0,27.5,500
10/6/2023,708,8.1,38.8,107,324,130,94.8,500
10/6/2023,705,7.6,6.42,27.6,33.9,24.6,24.2,75
10/6/2023,701,7.2,9.1,19.5,42.1,21.8,23.3,300
10/6/2023,708,7.3,6.4,19.9,60.3,24.7,24.2,125
10/6/2023,701,7.3,14.24,25.5,85.3,32.4,51.9,150
10/7/2023,708,7.7,7.8,30.2,62.9,31.4,28.1,150
10/7/2023,701,7.3,9,46.5,53.9,41.2,21.8,175
10/7/2023,708,7.3,7.32,45.2,51.6,31.5,17.4,125
10/7/2023,701,8.3,4.79,30.7,93.3,37.3,32.7,50
10/7/2023,708,7.7,14.9,40,122,48.6,32.8,200
10/7/2023,701,7.3,4.8,19.5,52.6,22.7,32.4,150
10/7/2023,708,7.1,6.9,22.7,34.1,28.4,39.1,200
10/7/2023,701,7.5,11,45.4,70.5,21.8,35.8,500
10/8/2023,708,7.3,10.15,47.1,53.8,38.6,31.4,150
10/8/2023,701,7.1,15.2,29.7,110,32.7,92.3,300
10/9/2023,708,7.7,20.73,25.2,76.5,30.6,75.6,150
10/9/2023,701,6.3,16,24.4,74.2,29.4,50.7,75
10/9/2023,708,6.8,14.2,122,169,136,152,300
10/9/2023,701,7.2,3.2,12,36.4,14.6,24.9,75
10/9/2023,701,7.8,4.13,17.2,52.3,20.4,27.9,75
10/9/2023,708,7.1,8.2,30.4,64.1,28.6,26.5,200
10/9/2023,701,7.2,4.6,19.7,60.4,24.6,20.1,150
10/10/2023,708,7.2,2.16,27.6,83.9,33.5,34.6,125
10/10/2023,701,7.4,4.77,24,72.9,29.2,34.3,150
10/10/2023,708,7.2,4.14,26.2,65.9,29.4,27.5,175
10/10/2023,701,7.6,9.48,25.2,71.4,27.5,22.1,200
10/10/2023,708,7.1,6.8,30.1,66.4,37.5,24.7,150
10/10/2023,701,7.1,5.51,35.3,36.5,30.6,24.4,125
10/10/2023,708,7.1,4.33,43.9,42.6,28.2,17.5,100
10/11/2023,701,7.5,6.43,24.1,73.4,29.4,23.1,150
10/11/2023,708,7.6,3.1,23.3,71,28.4,26.6,50
10/11/2023,701,7.2,9.8,18.5,49.5,19.2,22.9,175
10/11/2023,708,7.2,4.2,7.21,21.9,8.78,31.8,125
10/11/2023,701,7.8,6,16.5,51,20.3,30,50
10/11/2023,708,7.2,5.7,32.6,41.3,29.4,15.2,100
10/11/2023,701,7.4,11.1,38.5,45.3,30.6,21.4,175
10/12/2023,708,7,14.1,43.2,131,52.5,81,200
10/12/2023,701,7.8,4.28,17.6,53.7,21.5,57.4,100
10/12/2023,708,7.3,3.42,18,54.9,21.9,61.2,100
10/12/2023,701,8.3,5.01,20.1,61.5,24.5,59.8,50
10/12/2023,708,7.2,3.98,20.8,63.1,25.2,64.3,100
10/12/2023,701,7.9,5.63,48.2,51.4,31.5,16.8,100
10/13/2023,708,7.7,24.35,26,79,31.6,85.7,100
10/13/2023,701,7.7,24.35,26,79,31.6,85.7,100
10/13/2023,708,7.6,17.51,19.7,59.8,23.9,33,125
10/13/2023,701,7.8,12.5,76.5,220,88.9,108,500
10/13/2023,708,7,10.2,42.1,62.8,52.4,59.7,150
10/13/2023,701,8.4,9.55,19.7,41.7,21.9,26.8,150
10/13/2023,708,7.3,18.1,38.5,45.3,31.4,16.5,100
10/13/2023,701,7,15.25,35.1,48.6,30.3,21.6,175
10/14/2023,708,7.1,5.72,46.7,43.6,54.5,56.3,150
10/14/2023,701,8.4,5.35,22,67,26.8,25.6,150
10/14/2023,708,7.7,8,28.3,86,34.4,51.4,100
10/14/2023,701,7.5,10.2,79.8,175,55.2,61.2,500
10/14/2023,708,7,6,31.5,51.7,46.2,31.8,150
10/14/2023,701,7.8,8.15,38.6,48.2,30.5,28.4,125
10/14/2023,708,7.1,5.31,46.8,51.5,45.1,18.4,150
10/15/2023,701,8,9.28,20.2,51.1,36.4,30.3,150
10/15/2023,708,7.4,13.2,36.9,105,39.5,19.2,250
10/15/2023,701,7.5,14.5,52.3,63.2,48.5,24.6,175
10/16/2023,708,6.8,10.4,26.5,80.2,32.7,65.3,100
10/16/2023,701,8,4,199.7,59.9,23.9,43.8,200
10/16/2023,708,6.7,5.33,81.4,248,99.4,82.2,500
10/16/2023,701,8.3,3.95,20,60.9,24.4,44.3,550
10/16/2023,705,7.1,1.9,15.5,47.1,18.8,31,125
10/16/2023,708,7.8,5.5,25,76.1,30.4,30.4,100
10/16/2023,701,7.3,10.2,49.4,71.6,38.6,21.3,200
10/17/2023,708,7,9.1,19.5,46.2,23.9,32.1,200
10/17/2023,701,7.6,7.2,14.9,46.5,21.6,36.9,150
10/17/2023,708,7,5.3,40.1,101,33.2,27.7,150
10/17/2023,701,7.2,5.33,61.2,65.4,42.8,23.9,125
10/17/2023,708,7.2,6,41.5,53.7,27.9,18.4,100
10/17/2023,708,7.4,18.15,46.8,63.5,33.5,25.2,175
10/17/2023,701,8.2,11.63,27.6,84,38.6,21.3,475
10/17/2023,708,7.2,6.4,29.5,64.7,26.8,22.2,200
10/18/2023,701,7.4,11.8,80.3,110,39.4,22.6,250
10/18/2023,708,7.2,11.4,84.3,75.6,68.5,26.9,200
10/18/2023,701,7.8,5.51,35.2,38.5,26.2,18.3,100
10/18/2023,708,7.5,5.63,41.3,48.5,38.2,21.9,75
10/18/2023,701,7.3,7.93,22.3,67.7,27.1,41.9,100
10/18/2023,708,7.6,5.71,18.5,57.3,22.7,25.8,50
10/19/2023,701,6.8,16.9,29.1,88.5,35.4,65.4,200
10/19/2023,708,7,7.88,16.5,50.1,20,33.2,200
10/19/2023,705,7.1,11.15,41.3,76.1,48.5,31.7,100
10/19/2023,701,7.1,4.1,51.5,62.6,38.5,28.6,75
10/19/2023,708,7.2,5.75,38.5,43.7,31.5,16.2,75
10/19/2023,701,7,22.93,12.8,39,15.6,36.5,100
10/19/2023,708,7.7,10.96,16.1,59.1,19.6,38.5,75
10/20/2023,701,7.3,9.4,16.3,51.2,20.7,38.5,75
10/20/2023,708,7.4,5.4,11.4,26.9,24.9,29.6,150
10/20/2023,701,7,7.45,51.8,71.5,45.2,30.4,175
10/20/2023,708,7.8,16.35,41.5,55.7,32.8,18.6,150
10/20/2023,701,7.6,8.3,30.2,62.7,29.4,25.2,200
10/20/2023,708,7.8,10.38,14.5,44.4,17.3,34.1,150
10/21/2023,705,7.2,9,48.5,61.2,41.3,26,150
10/21/2023,708,7.6,5.1,15.5,35.2,13.9,18.5,75
10/21/2023,705,7.1,8.2,12.9,33.3,19.7,29.6,175
10/21/2023,708,8.5,15.6,32.4,102,44.6,160,300
10/21/2023,705,7.3,8.31,40.3,72.5,35.2,51.9,150
10/21/2023,708,7.1,10.24,75.6,96.1,38.4,30.7,200
10/21/2023,705,7.4,4.98,35.8,128,47.5,74.1,150
10/22/2023,708,7.2,5.2,24.99,52.6,32.1,39.8,150
10/22/2023,705,7.1,7.2,19.8,42.2,23.3,31.8,150
10/22/2023,708,6.8,16.15,40.1,46.5,38.6,21.8,175
10/22/2023,705,7,9.7,43.2,36.5,28.6,25.4,125
10/22/2023,708,7.8,18.5,39.9,47.8,30.6,21.5,125
10/22/2023,705,7.1,10.61,23.5,66.8,31.1,36.3,175
10/23/2023,708,7,7.3,30.4,64.6,29.4,22.3,200
10/23/2023,705,7,8,42.8,64.1,35.6,30.4,150
10/23/2023,708,7.2,9.1,31.7,86.5,40.2,129,200
10/23/2023,705,7.3,7.7,39.5,73.5,31.6,26.4,175
10/23/2023,708,7,5.5,27.5,39.2,26.2,18.5,150
10/25/2023,708,8.3,10,43.5,56.7,31.3,26.9,200
10/25/2023,705,7,7,37.5,50.4,27.9,18.4,150
10/25/2023,708,7.7,1.371,12.9,39.2,15.7,35.9,50
10/25/2023,705,7.4,4.91,16.3,49.5,19.8,32,75
10/25/2023,701,7.4,9.29,138,445,177,125,100
10/25/2023,708,7.4,5.1,18.2,45.5,20.3,18.5,500
10/26/2023,705,7.1,1.6,39.8,48,26.3,18.5,125
10/26/2023,708,6.8,6,43.9,55,34.3,16.9,100
10/26/2023,705,7.5,4.54,47.1,50.3,39.5,19.2,75
10/26/2023,708,7.8,3.82,28.5,86.3,34.7,34.5,50
10/26/2023,701,7.7,27.9,259,789,316,114,125
10/26/2023,708,7.5,2.55,20.6,62.5,25,25.7,100
10/26/2023,701,7.1,4.68,14.8,45.1,18,25.7,500
10/26/2023,708,7,3.46,13,39.9,16,25.9,100
10/27/2023,701,6.8,4.35,25.4,48.1,18.4,21.2,300
10/27/2023,708,7.3,2.8,43.2,51.7,38.5,17.9,75
10/27/2023,701,7.4,3.15,51.3,63.5,35.4,23.2,75
10/27/2023,708,7.9,4.6,21.2,38.5,29.4,25.2,50
10/27/2023,701,7.2,2.2,18.5,35.2,17.2,12.5,125
10/27/2023,708,7.2,2.2,18.5,35.2,17.2,12.5,125
10/27/2023,701,7.1,0.95,14.9,42.4,17.2,19.8,125
10/28/2023,708,7.6,2.07,43.9,56.8,27.4,16.5,75
10/28/2023,701,7,1.451,33.4,38.9,28.2,19.5,100
10/28/2023,708,7.6,4.14,45.2,51.7,36.5,23.6,100
10/28/2023,701,7.8,3.33,38.1,66.8,31.6,17.5,75
10/28/2023,708,7.6,3.48,40.7,83.4,46.5,31.2,100
10/28/2023,701,7.1,7.1,28.4,86.5,34.6,31.1,300
10/28/2023,708,8.3,16.3,36.3,68.9,41.8,52.6,300
10/28/2023,701,5.4,4.2,30.4,60.7,31.8,60.2,250
10/29/2023,708,7.5,6.35,50.3,61.2,38.5,21.6,150
10/29/2023,708,7.8,23.18,74.8,124,46.4,53.5,200
10/29/2023,701,7.2,5.8,52.1,210,62.3,54.8,300
10/29/2023,708,7,4.1,19.5,32.6,22.8,38.7,150
10/30/2023,705,7.2,7.91,20.8,63.4,25.4,32.2,450
10/30/2023,708,7.3,5.5,76.3,233,93.4,78.5,500
10/30/2023,701,7.5,1.25,24.3,73.2,29.5,31.8,150
10/30/2023,705,7.2,5,25.8,79.5,37.2,18.9,150
10/30/2023,701,7.5,10.41,49.2,96.5,56.4,28.6,250
10/30/2023,708,8,1.75,24.1,73.2,29.3,46.1,50
10/30/2023,705,7.1,1.496,15.9,46.7,18.3,26.5,125
10/31/2023,708,7.8,1.5,26,71,31.6,29.1,100
10/31/2023,705,8,1.86,22.6,68.8,27.5,28.7,75
10/31/2023,708,7.3,1.48,28.4,86.4,34.6,36.1,100
10/31/2023,705,7.1,2.2,26.7,81.2,32.5,36.7,100
10/31/2023,701,7.6,4.4,30.4,92.5,37.4,47.5,125
10/31/2023,708,7.2,1.4,22.2,61.2,25.6,22.8,100
10/31/2023,705,7.1,1.445,19.4,58.2,23.6,26.6,75
11/1/2023,708,7.7,2.45,14.6,44.5,17.8,26.9,100
11/1/2023,701,7.6,1.304,18.1,55.1,22.1,30.1,75
11/1/2023,708,7.7,7.42,22.9,69.8,27.9,38.8,500
11/1/2023,705,8.5,2.55,20.7,62.9,25.2,42,125
11/1/2023,701,4.9,6.1,70,213,85.2,73.7,250
11/1/2023,705,7,1.54,23.9,51.5,20.3,21.6,75
11/1/2023,708,7.2,1.351,48.7,32.2,25.4,17.3,100
11/1/2023,705,6.7,7.73,34.2,104,41.7,107,100
11/2/2023,708,7.4,1.838,23.2,70.5,28.2,36.3,75
11/2/2023,701,7.8,3.1,20.4,62.1,24.9,28.5,150
11/2/2023,708,7.5,4.15,20.1,61,24.4,32.2,150
11/2/2023,701,8.2,1.66,20.2,60.2,24.8,30.6,75
11/2/2023,708,7.1,1.21,19.9,60.4,24.2,30.5,75
11/2/2023,701,7,1.315,36.6,41.3,27.4,15.2,100
11/2/2023,708,7.3,1.11,13.8,40.8,16.4,28.1,100
11/3/2023,705,7.3,6.7,15,45.5,18.2,38.3,75
11/3/2023,701,8,8.5,19,57.8,23.1,27.2,250
11/3/2023,708,7.5,4.5,27.9,84.7,33.9,30.8,100
11/3/2023,705,7.6,2.22,22.2,67.4,27,33.4,75
11/3/2023,701,7.2,1.85,23.7,71.9,28.8,29.5,125
11/3/2023,708,7.1,3,25.2,51.7,30.1,17.2,100
11/3/2023,705,7,4.51,31.5,46.8,19.7,15.4,75
11/4/2023,708,7.5,1.29,18.3,55.6,22.2,49.2,75
11/4/2023,705,7,4.16,20.4,61.2,24.5,44,250
11/4/2023,701,7.6,1.765,25.6,77.7,31.1,42.9,75
11/4/2023,708,7.1,2.3,26.1,79.4,31.4,42.6,125
11/4/2023,705,7.3,3.2,21.9,41.8,32.4,36.5,125
11/4/2023,701,6.9,6.9,24.6,62.4,29.4,48.9,200
11/4/2023,708,7.6,2.75,31.5,34.3,22.9,16.4,75
11/4/2023,705,7,8.24,61.5,84.1,54.3,31.8,150
11/5/2023,708,7.5,2.18,42.4,65.4,31.4,21.2,150
11/5/2023,701,7.3,2.88,32.4,41.3,37.5,42.4,150
11/5/2023,708,7.9,1.83,23.2,42.3,31.8,51.9,250
11/5/2023,708,8.5,1.33,22.9,31.6,31.7,19.8,150
11/6/2023,708,6.9,6.7,27.3,83.8,33.9,48.9,150
11/6/2023,701,7,1.82,36.5,111,44.2,60.5,250
11/6/2023,708,7.1,2.2,76.8,110,80.2,32.4,300
11/6/2023,705,7.1,1.986,29.9,91,36.4,67.9,75
11/6/2023,701,7.3,6.6,26.2,79.6,31.9,34.5,150
11/6/2023,708,7.2,56.13,46.4,141,56.4,102,450
11/6/2023,701,7.5,1.446,15.8,48,19.2,36.5,75
11/7/2023,705,7.2,1.965,17.4,52.8,21.6,37.3,100
11/7/2023,708,7.8,2.9,24.3,73.2,29.5,38.3,100
11/7/2023,701,7.1,1.04,38.5,56.4,23.3,17.2,75
11/7/2023,705,7,1.423,39.5,61.2,31.4,18.7,75
11/7/2023,708,8.1,1.281,41.6,52.4,27.4,21.5,100
11/7/2023,701,7.2,9.35,55.2,63.4,41.7,33.9,150
11/7/2023,708,7.2,2.14,34.1,104,41.5,57.4,150
11/8/2023,701,7.2,1.85,19.2,60.5,22.5,36.2,125
11/8/2023,708,7.4,0.95,21.2,39.5,20.2,18.5,125
11/8/2023,701,7.2,5.5,25.3,77.5,25.9,46.9,50
11/8/2023,708,7.2,2,23.8,71.6,28.5,32.4,75
11/8/2023,701,7.1,3.3,21.4,65.2,26.2,26,100
11/8/2023,708,7.6,4.35,36.3,81.1,32.4,32.2,200
11/8/2023,701,7.2,3.15,18.3,55.7,22.5,26.7,100
11/9/2023,705,7.1,5.1,35.1,106,42.8,73.3,125
11/9/2023,708,7,11.4,16.9,49.2,19.7,25.4,250
11/9/2023,701,8.2,6.1,27,82.1,38.8,28.2,300
11/9/2023,708,7.8,2.3,35.9,45.6,26.8,16.3,75
11/9/2023,701,7.5,4.9,38.4,43.5,27.9,21.5,100
11/9/2023,708,8.4,16,53.7,61.2,42.9,33.5,175
11/9/2023,701,7.1,1.924,13.4,40.8,16.3,32.6,75
11/9/2023,708,7.8,1.168,11.1,33.8,13.5,25,50
11/10/2023,705,7.2,2.1,12.3,37.3,14.9,24.1,150
11/10/2023,701,7.3,1.12,12.6,31.9,16.7,24.4,100
11/10/2023,708,8.4,1.926,36.1,48.3,18.4,21,75
11/10/2023,701,7.8,12.5,143,436,174,29,300
11/10/2023,708,8,4.95,24.6,74.7,29.4,27.7,75
11/10/2023,701,7.8,3.5,27.7,84.2,33.7,27,75
11/11/2023,708,7,2.4,22.5,68.4,27.3,30.9,50
11/11/2023,701,7.7,3.4,27.3,83,33,37.2,300
11/11/2023,708,8.4,2.1,30.1,83.5,38.4,29.7,200
11/11/2023,701,7,4.5,26.8,71.4,29.3,34.2,200
11/11/2023,708,8.2,14.58,31.4,63.5,21.5,28.9,150
11/11/2023,705,7.5,1.565,15.4,46.7,18.7,37.2,100
11/11/2023,708,6.9,9.47,85.2,124,72.5,31.4,200
11/15/2023,708,7,3.9,32.2,66.5,19.5,69.2,200
11/15/2023,701,8,3.5,28.5,49.2,32.5,28.5,150
11/16/2023,708,7,1.05,31.8,45.5,25.9,16.4,75
11/16/2023,701,7,3.33,35.9,55.4,28.7,23.2,100
11/16/2023,708,7.3,2.9,51.2,65.4,45.1,38.4,100
11/16/2023,705,7.3,4.1,40.6,43.4,30.5,19.4,75
11/16/2023,708,7.9,3.81,45.1,53.4,31.5,18.3,100
11/16/2023,705,7.1,3.14,28.5,86.6,31.4,60.2,300
11/16/2023,708,7.4,1.924,28.2,80.3,35.4,32.4,100
11/17/2023,705,7.8,5.18,43.7,56.4,31.5,18.2,100
11/17/2023,708,8,9.58,47.3,76.5,26.9,14.8,125
11/17/2023,705,7.3,5.7,32.4,51.7,31.5,19.5,100
11/17/2023,708,7.8,12.8,20.9,63.5,25.4,27.6,200
11/17/2023,705,7.2,11.86,30.6,93.2,37.3,55.2,175
11/17/2023,708,7.2,11.3,24.3,45.1,22.8,16.2,100
11/18/2023,701,7.8,10.7,41.3,48.2,34.6,19.5,125
11/18/2023,708,8.3,5.58,31.4,38.9,30.2,21.8,75
11/18/2023,701,8.2,35.9,359,968,437,121,300
11/18/2023,708,8,24.5,40.7,124,49.7,78.2,225
11/18/2023,705,7.2,7.7,21.5,65.5,26.1,30.1,200
11/18/2023,708,6.9,4.3,24.9,56.4,31.5,49.6,200
11/18/2023,705,7,5.5,32.2,39.3,29.5,22.5,150
11/18/2023,708,7.4,6.11,32.4,65.9,38.6,44.4,175
11/19/2023,705,7.3,5.18,48.2,51.5,33.9,28.2,100
11/19/2023,705,7,7.3,41.3,55.7,35.4,31.2,150
11/19/2023,708,7.2,6.7,35.6,50.1,30.4,20.8,150
11/19/2023,705,7,8.94,44.5,135,50,60.4,500
11/20/2023,708,10.1,11.52,43.1,131,52.4,39.7,150
11/20/2023,705,7.5,4.18,21.9,66.6,26.7,41.4,100
11/20/2023,701,7.5,9.5,39.5,42.2,26.2,18.5,175
11/20/2023,705,7.1,7.5,19.5,59.5,23.8,43.3,150
11/20/2023,708,8.2,4.7,21.5,64.1,25.6,46.7,50
11/20/2023,701,7.5,6.3,24.5,38.9,32.6,31.3,50
11/20/2023,708,6.8,4.42,24.6,74.7,29.9,22.8,25
11/21/2023,701,7.2,4.3,23.4,71.1,28.5,65.2,100
11/21/2023,708,6.8,6.9,26.2,79.8,31.9,32.1,50
11/21/2023,705,7.2,4.9,36.1,110,43.3,35.3,100
11/21/2023,701,6.9,2.92,19.6,34.1,22.4,37.9,100
11/21/2023,705,7.3,3.12,19,57.3,23.8,33,75
11/21/2023,708,6.9,4.52,26.3,79.1,31.8,35.4,50
11/21/2023,705,7,5.8,30.2,91.8,36.7,45.3,75
11/21/2023,708,8.6,6.5,20.4,63.4,25.1,23.8,25
11/22/2023,705,7.1,13.57,24.4,74.3,29.7,48.2,250
11/22/2023,708,8.1,3.28,21.7,65.9,26.4,42.8,100
11/22/2023,705,7,10.2,25.2,73.9,32.5,33.9,150
11/22/2023,707,6.8,4.5,23.2,72.9,35.2,18.5,25
11/22/2023,701,7.5,13.5,102,220,115,120,500
11/22/2023,705,7.6,6,20.3,39.2,28.3,35.5,150
11/22/2023,708,7.5,6.85,31,62.3,28.4,26.8,150
11/22/2023,705,7.5,18.1,36.9,112,44.9,71.4,200
11/23/2023,708,7,8.7,32.2,97.9,39.2,58.9,50
11/23/2023,705,7.1,10.39,27.5,83.8,33.5,60.5,300
11/23/2023,701,8.1,4.53,33.1,101,40.3,58.7,100
11/23/2023,708,7,2.52,78.3,86.1,34.6,71.4,150
11/23/2023,705,7.3,6.14,21.2,64.6,25.8,34,100
11/23/2023,708,7.1,3.8,21.8,56.9,28.5,42.6,150
11/23/2023,705,7.2,10.2,24.6,81.3,30.2,26.8,200
11/23/2023,708,7.3,6.85,30.2,70.9,32.4,20.5,175
11/24/2023,705,7.2,11.9,18.6,56.6,22.7,24.5,200
11/24/2023,708,7.6,6.88,29.1,88.6,35.4,25.3,250
11/24/2023,705,7.3,3.74,15.3,46.6,18.7,23.6,100
11/24/2023,708,7.2,9.1,17.4,32.6,26.8,36.3,150
11/24/2023,705,7.2,3.2,19.7,32.3,23.6,29.9,150
11/24/2023,708,7.5,18.6,31.2,73.6,28.3,30.6,300
11/24/2023,705,7,8.6,52.4,65.2,45.1,22.2,200
11/25/2023,701,7.5,5.66,14,45.5,17,24.5,100
11/25/2023,708,6.6,4.15,22.7,6.2,27,28.3,100
11/25/2023,705,7.6,5.75,23,69.9,28,25.4,100
11/25/2023,701,7.2,2.95,15.2,48.1,19.2,25.7,200
11/25/2023,708,6.8,6,23.8,72.3,28.9,26.11,50
11/25/2023,701,7.7,6,48.5,51.4,37.1,26.3,75
11/25/2023,708,7.3,5.15,38.6,43.5,32.7,18.2,100
11/25/2023,701,8,4.48,46.8,51.2,30.1,18.7,100
11/26/2023,705,7.4,5.69,10.6,32.4,12.9,40.2,150
11/26/2023,708,7.8,14.5,29.4,89.4,35.8,35.2,200
11/26/2023,705,7.2,4.35,22.4,68,27.2,24.2,250
11/26/2023,705,7.4,4.51,38.9,41.5,30.5,17.4,150
11/27/2023,708,7.2,10.52,23.9,59.7,27.2,31.9,200
11/27/2023,701,7.3,4.39,12,36.7,14.7,22.6,250
11/27/2023,708,7.6,7.59,14.8,48,18,23.7,100
11/27/2023,705,6.9,12.43,27.3,83,33.2,24.1,500
11/27/2023,708,7.3,4.27,22.1,68.2,27.3,24.8,125
11/27/2023,701,7.3,6.7,30.1,64.9,27.5,23.9,200
11/28/2023,708,7.2,5.2,23.5,70.3,28.5,24.2,125
11/28/2023,701,7.8,5.3,24.5,73,29.2,26.5,125
11/28/2023,708,7.3,6.5,36.5,61.9,29.3,18.6,100
11/28/2023,701,8.4,5.35,31.8,43.5,30.2,14.2,75
11/28/2023,705,7.2,6,46.5,51.8,38.3,21.6,150
11/28/2023,708,7.5,16.1,48.5,63.9,31.5,26.3,125
11/28/2023,701,7.3,11.15,35.4,93.4,40.2,37.1,175
11/28/2023,705,7.1,5.3,17.8,54.1,21.6,25.6,150
11/28/2023,708,7.8,9.18,15.7,47.9,19.2,27.6,100
11/29/2023,705,7.4,7.5,14.6,44.1,17.7,26.8,300
11/29/2023,708,7.3,5.4,19.4,58.4,23.6,27,75
11/29/2023,701,8.2,8.9,26.1,79.4,31.8,37.2,50
11/29/2023,708,8.4,2.75,22.9,69.8,27.9,25.2,50
11/29/2023,701,8.2,9.15,39.9,43.5,23.5,21.8,175
11/29/2023,708,7.7,3.78,20.1,61.2,24.5,34.5,50
11/30/2023,705,7.1,4.65,24,72.9,29.2,38.4,150
11/30/2023,708,6.9,11.9,18.4,56,22.4,26.3,250
11/30/2023,705,7.1,12,29.5,90.1,36,26.4,200
11/30/2023,701,7.5,4.62,22.8,69.3,27.7,26.4,150
11/30/2023,708,7.3,4.33,38.4,53.5,31.6,18.3,75
11/30/2023,701,7.1,5.8,48.7,61.2,33.9,26.8,100
11/30/2023,708,7.2,15.1,45.2,51.8,35.1,27.9,175
11/30/2023,705,7.1,6.75,21.2,62.2,25.8,35.3,100
12/1/2023,708,7,7.5,19.3,52.1,24.5,25.9,150
12/1/2023,701,7,6.8,26.3,80.1,32,34.5,150
12/1/2023,708,7.5,4.31,38.6,46.5,30.1,17.4,125
12/1/2023,701,7.1,3.75,45.5,57.2,39.8,22.4,75
12/1/2023,708,7,12.15,45.3,48.7,36.5,28.4,150
12/1/2023,705,7,5.59,18,54.8,21.9,36.5,100
12/2/2023,708,7,7.8,12,38.6,15.3,28.5,150
12/2/2023,705,7.3,4.9,16.8,35.2,21.9,36.4,150
12/2/2023,708,7,5,18.2,51.5,26.4,27.3,75
12/2/2023,708,7.2,3,38.2,48.5,35.7,21.8,75
12/2/2023,708,7.7,4.15,41.5,47.3,27.4,23.5,100
12/2/2023,705,7.2,5.62,29.4,81.3,36.8,31.2,150
12/2/2023,708,7.4,5.1,28.4,52.6,32.2,48.9,150
12/3/2023,705,7.9,5.45,26.9,82,32.7,40.9,250
12/3/2023,708,7.5,5.49,40.2,77.5,46.2,31.7,150
12/4/2023,708,6.8,10.82,17.8,54.3,21.7,31.8,250
12/4/2023,705,7,7,21.4,65.2,26.1,31.9,150
12/4/2023,701,7.4,7.8,30.2,71.6,25.7,29.1,200
12/4/2023,708,7.4,3.99,39.7,121,48.3,43.3,100
12/4/2023,705,7.3,7.71,23.6,71.1,28.7,25.9,75
12/4/2023,705,7.5,4.41,23.6,71.8,28.7,32.1,100
12/4/2023,705,7.2,4.8,18.2,32.5,19.5,22.2,150
12/5/2023,708,7.2,8.9,14.9,45.2,18.1,27.3,200
12/5/2023,705,7.1,4.5,13.6,41.9,16.5,28.2,50
12/5/2023,708,7.3,5,58.8,61.2,31.3,23.8,100
12/5/2023,705,7,3.81,45.5,46.8,31.8,26.3,75
12/5/2023,701,7.3,15.63,170,516,207,47.8,350
12/5/2023,708,7,8.65,28.1,85.4,34.6,51.3,250
12/5/2023,705,7.2,4,21.7,66,26.4,32,100
12/6/2012,708,7.2,6.3,20.3,60.7,25,30.1,100
12/6/2012,705,7.1,5.81,29.3,53.4,21.8,27.5,75
12/6/2012,708,7.2,6,36.2,47.5,31.5,18.4,100
12/6/2012,705,7.1,5.5,19.5,59.3,23.7,33,100
12/6/2012,708,7.2,7.42,23.2,70.1,28.2,32.6,100
12/6/2012,705,7.1,9.6,19.7,60,24,28.4,450
12/6/2012,708,7.4,4.33,48.4,24.2,16.9,15.5,250
12/7/2023,705,6.9,6,36.4,48.1,21.9,16.5,75
12/7/2023,708,7,9.7,38.5,40.2,27.8,19.8,125
12/7/2023,705,6.9,5.45,32.4,37.1,30.9,16.8,100
12/7/2023,705,6.9,3.75,32.6,41.8,23.4,14.3,75
12/7/2023,708,7.7,4.58,21.2,64.6,25.8,29.9,75
12/7/2023,705,7.1,9.85,17.5,31.6,26.2,21.8,150
12/7/2023,708,7.1,4.1,23.7,41.7,16.5,29.4,125
12/8/2023,701,7,4.35,38.5,51.3,26.2,23.4,75
12/8/2023,705,6.9,4.95,35.4,48.7,21.3,14.8,100
12/8/2023,701,7.1,6,40,41.5,28.2,16.5,100
12/8/2023,705,7.2,6.3,42.6,52.3,37.3,21.5,125
12/8/2023,708,6.9,5.9,22.8,69.2,27.7,31.3,50
12/8/2023,701,7.1,21.08,321,977,391,63.2,300
12/8/2023,708,7.1,8.9,18.2,53.1,24.5,31.7,250
12/8/2023,705,7.3,6,35.4,62.1,30.2,26.3,125
12/9/2023,708,7.2,8,48.7,61.2,31.8,16.3,150
12/9/2023,701,7.8,10.69,41.2,125,50.1,32.9,100
12/9/2023,708,7.3,7.21,22.8,69.4,27.7,30.7,125
12/9/2023,705,7,8.95,36.2,110,44,82,200
12/9/2023,708,7.5,7.5,32.2,45.9,39.3,22.9,250
12/9/2023,705,7.1,9,16.2,43.5,21.8,27.4,150
12/10/2023,708,7.2,12.3,21.8,48.3,36.2,16.8,150
12/10/2023,705,7.2,6,30.2,61.8,21.5,13.2,125
12/10/2023,708,6.8,31.7,153,465,186,57.2,450
12/10/2023,705,7.1,7.65,40.8,124,49.7,60.5,225
12/11/2023,708,7.3,7.21,50.3,153,61.2,43.5,200
12/11/2023,705,6.8,11.59,29.7,90.4,36.1,124,175
12/11/2023,708,8.3,4.29,60.2,183,73.3,93.1,250
12/11/2023,701,6.3,7.6,82.1,222,101,128,300
12/11/2023,708,7,7.55,28.3,69.5,26.9,37.8,250
12/11/2023,701,7.3,10.5,56.8,110,45.8,29.6,200
12/11/2023,708,7.7,11.2,25.3,67.5,28.6,30.5,250
12/11/2023,705,7.5,9.2,21.2,45.9,18.5,36.2,250
12/12/2023,708,7.5,6.5,15.8,48,19.2,44.2,100
12/12/2023,705,6.8,12.5,23.4,46.6,28.4,56.1,500
12/12/2023,708,7.4,5.1,18.4,55.2,22.6,43.6,125
12/12/2023,701,7.5,8.15,21.2,52.6,26.4,36.3,200
12/12/2023,708,7.3,10.3,19.8,54.9,21.6,34.8,250
12/12/2023,705,7.2,8.3,35.2,61.5,30.8,26.6,200
12/12/2023,708,7.3,7.1,21.3,64.7,25.9,38.4,225
12/13/2023,705,7.2,13.69,16.5,50.1,20,37.5,125
12/13/2023,708,8.1,8.5,16.2,49.4,19.8,24.8,50
12/13/2023,705,7.4,9.28,18.9,43.5,20.1,16.3,100
12/13/2023,708,8,3.7,19.1,58.2,23.3,28.8,75
12/13/2023,701,7.5,11.5,102,260,120,48.5,500
12/13/2023,708,7.2,5.28,35.5,41.8,25.4,16.3,100
12/13/2023,705,7.2,5.21,36.9,54.8,31.5,21.3,100
12/14/2023,708,6.7,13.7,75.5,132,80.3,31.4,200
12/14/2023,701,7.5,8.65,27.1,82.4,32.9,24.5,100
12/14/2023,708,7.3,5.82,15.9,48.5,19.4,32.9,100
12/14/2023,701,7,11.8,74.5,251,84.9,170,300
12/14/2023,708,7,5,19.3,41.8,18.6,27.5,75
12/14/2023,705,7.2,4.8,14.3,42.5,17.8,28,50
12/14/2023,708,7.2,6.5,26.1,80.3,32.5,31.4,100
12/15/2023,705,7.2,4.58,26.6,80.8,32.3,27,75
12/15/2023,708,7.5,11,23.1,70.4,28.1,30.1,300
12/15/2023,705,7.4,4.82,24.5,74.2,29.5,29.6,100
12/15/2023,708,7.4,5.95,23.1,70.3,28.4,31.9,75
12/15/2023,705,7.1,6,48.1,54.3,26.5,15.2,100
12/15/2023,708,7,15.1,55.4,77.3,30.3,18.7,175
12/16/2023,705,7.5,16,15.3,47,18.6,30.1,150
12/16/2023,708,8.6,8.65,17.1,51.9,20.8,31.2,50
12/16/2023,705,7.3,6.9,21.9,66.7,26.3,32.3,150
12/16/2023,708,7.3,8.47,27.8,84.5,33.8,39.5,100
12/16/2023,701,7.2,12.49,44.7,78.4,53.8,42.1,175
12/16/2023,708,7.3,12.32,46.3,142,56.4,32.7,150
12/16/2023,705,7.1,10.2,40.2,80.2,38.6,22.3,200
12/17/2023,708,7,14.49,55.3,119,46.8,51.7,200
12/17/2023,705,7.3,5.61,26.9,55.3,31.5,31.1,125
12/17/2023,708,7.2,3.9,20.2,69.5,25.9,18.5,150
12/18/2023,705,7.2,6.5,27.2,82.8,33.1,35.8,250
12/18/2023,708,6.9,6.45,14.8,45,18,30.6,200
12/18/2023,705,7.1,7.2,22,61.8,26.5,20.3,250
12/18/2023,701,7,10.2,60.5,84.6,71.6,32.9,250
12/18/2023,708,7.1,9.8,40.2,65.2,35.4,27.9,200
12/18/2023,705,7.2,7.1,30.3,54.6,26.5,24.6,150
12/18/2023,705,7.2,4.33,37.2,48.3,28.6,20.5,75
12/18/2023,708,7,5.5,31.5,58.7,29.4,16.2,100
12/19/2023,708,7.2,11,17.2,41.3,19.2,23.8,200
12/19/2023,705,7.1,7.7,34.3,83.9,37.7,32.6,200
12/19/2023,708,7.3,5,24.5,74,29.3,25.5,75
12/19/2023,701,7,11,64.6,71.8,52.3,34.5,150
12/19/2023,708,7.4,5.28,52.9,61.1,30.8,33.2,125
12/19/2023,705,7,7.3,31.4,71.2,18.5,26.2,125
12/19/2023,708,7.3,4.66,16.6,50.6,20.2,31.7,75
12/20/2023,705,7.2,7.5,18.4,61.2,16.9,32.2,150
12/20/2023,708,7.6,3.3,16.7,50.4,20.5,29.6,100
12/20/2023,705,7.4,6.15,18.6,56.6,22.6,32.6,125
12/20/2023,708,8.2,5.98,18.3,55.6,22.2,34.1,100
12/20/2023,705,7.4,3.86,17.8,54,21.6,34.5,125
12/20/2023,708,7.2,4.91,27.5,83.6,33.4,40.4,100
12/20/2023,705,7.4,4.68,14.5,44,17.6,32.4,75
12/21/2023,708,7.4,8.7,41.2,70.9,38.6,27.5,200
12/21/2023,705,7.5,2.2,25.7,80.4,30.3,28.9,100
12/21/2023,708,7.4,4.51,26.5,46.5,30.2,28.1,75
12/21/2023,705,7.2,1.881,33.5,64.6,41.2,17.4,100
12/21/2023,708,7.1,5.45,45.7,58.1,38.4,30.7,50
12/21/2023,705,7.3,5.3,41.3,51.8,38.9,21.8,100
12/21/2023,708,7.8,4.48,21.3,64.9,25.9,58.1,50
12/22/2023,701,7.2,18.7,25.5,77.6,31.1,41.1,300
12/22/2023,708,7.4,8.1,16.6,49.2,36.5,42.4,150
12/22/2023,705,7,11.15,33.8,56.5,45.1,19.7,150
12/22/2023,701,7.3,16.5,31.5,56.3,28.6,20.4,150
12/22/2023,708,7.3,15.2,38.5,47.4,33.9,23.8,175
12/22/2023,705,7.3,12.33,43.1,52.8,21.5,15.9,150
12/22/2023,701,7.9,11.2,35.9,109,43.7,47.7,50
12/22/2023,708,7.6,8.75,16.2,49.3,19.8,37.4,100
12/23/2023,705,7.2,8.5,17,51.2,20.3,37.5,300
12/23/2023,708,7.6,5.2,12.9,36.2,17.5,26.8,250
12/23/2023,701,7,4.51,21.4,35.5,27.8,30.9,125
12/23/2023,708,7.7,7,34.3,42.6,26.3,23.8,100
12/23/2023,701,7,6.3,27.8,23.9,22.6,13.4,150
12/23/2023,708,7.3,10.35,45.2,63.4,37.3,21.8,125
12/23/2023,701,7.1,6.15,38.5,45.1,31.3,26.4,150
12/23/2023,708,7.2,2.26,35.6,61.5,42.2,30.1,100
12/23/2023,705,7.3,2.22,33.3,56.2,46.5,31,125
12/24/2023,701,7.1,5.35,24.2,21.6,27.6,35.1,250
12/24/2023,708,7.5,6.9,19.5,32.4,26.6,39.8,200
12/24/2023,705,7.5,4,31.8,46.5,30.7,27.5,100
12/24/2023,701,7.2,8.9,37.3,46.5,26.3,28.4,125
12/24/2023,708,7.3,15.18,41.2,53.7,35.3,20.1,125
12/25/2023,708,7,11.2,40.6,74.9,52.3,29.6,200
12/25/2023,705,6.3,18.29,76.2,185,80.1,74.5,250
12/25/2023,708,7.2,4.4,16.9,50.2,19.7,40.2,100
12/25/2023,701,7.8,2.77,37.7,115,45.8,40.5,75
12/25/2023,808,7.7,5,28.9,94.5,31.4,38.2,200
12/25/2023,701,7.2,6.35,29.4,89.8,35.8,34.2,250
12/25/2023,708,7.2,3.41,19.8,47.5,23.3,16.9,75
12/26/2023,701,7.3,5.3,38.1,52.3,27.5,28.9,100
12/26/2023,708,7,5.95,31.5,45.2,26.9,16.8,125
12/26/2023,701,8.1,4.65,19.9,60.5,24.2,39,50
12/26/2023,708,7.8,3.11,17.8,54.2,21.7,42,100
12/26/2023,705,7.1,5.8,22.6,61.9,24.8,32.3,200
12/26/2023,708,7.1,6.35,41.3,55.4,35.2,26.5,150
12/27/2023,705,7.3,5.45,48.3,51.6,38.5,26.4,125
12/27/2023,708,8.5,11.65,63.8,95.1,51.4,40.1,150
12/28/2023,708,6.79,13.96,30.1,91.5,36.6,38.1,175
12/28/2023,708,8.5,12.91,32.9,99.9,40,37.4,125
12/29/2023,708,7.2,18.24,146,444,178,84,300
12/30/2023,708,7,7.8,35.6,91.2,42.4,34,250
1/1/2024,708,6.8,8.2,69.5,210,10.2,120,300
1/1/2024,705,7.1,7.1,32.4,69.5,36.5,52.1,250
1/2/2024,708,7.6,4.9,,,,,75
1/2/2024,705,7.2,5.1,,,,,125
1/2/2024,708,7.1,5.18,,,,,100
1/2/2024,705,7.2,6.15,,,,,75
1/2/2024,701,7,9.75,,,,,150
1/2/2024,708,7.2,5.1,,,,,125
1/2/2024,705,7.2,3.75,,,,,75
1/3/2024,708,6.5,8.3,,,,,200
1/3/2024,705,7.1,11,,,,,150
1/3/2024,708,8.3,9.3,,,,,200
1/3/2024,705,7.1,8.1,,,,,250
1/3/2024,708,7.1,4.2,,,,,150
1/4/2024,705,7.3,6,,,,,125
1/4/2024,708,7.2,4.1,,,,,100
1/4/2024,705,7.2,5.2,,,,,125
1/4/2024,708,7.1,5,,,,,100
1/4/2024,705,7.1,7.1,,,,,100
1/5/2024,708,7.3,5.81,,,,,75
1/5/2024,705,7.5,5,,,,,100
1/5/2024,708,7.3,5.53,,,,,100
1/5/2024,705,7.5,6,,,,,125
1/5/2024,708,7.5,5.2,,,,,100
1/5/2024,705,7.2,8.8,,,,,250
1/5/2024,708,7.1,5,,,,,125
1/6/2023,708,7.3,5.18,,,,,75
1/6/2023,708,6.8,8,,,,,200
1/6/2023,705,7,8.4,,,,,175
1/6/2023,705,7,7.5,,,,,200
1/6/2023,708,7.1,13.4,,,,,300
1/6/2023,705,7.1,6.8,,,,,250
1/7/2024,708,7.2,7.1,,,,,125
1/7/2024,708,7.1,5.6,,,,,250
1/8/2024,705,7.1,9.45,,,,,200
1/8/2024,708,6.8,7.1,,,,,175
1/8/2024,705,7.3,3.6,,,,,200
1/8/2024,708,8,3.65,,,,,200
1/8/2024,701,7.1,9.18,,,,,300
1/8/2024,705,7,9.4,,,,,300
1/8/2024,708,7.5,8.2,,,,,200
1/8/2024,705,7.1,9.35,,,,,200
1/9/2024,701,7,8.75,,,,,200
1/9/2024,705,6.8,7.5,,,,,250
1/9/2024,708,7.8,26.9,,,,,250
1/9/2024,701,7.8,26.9,,,,,350
1/9/2024,705,7.2,5.5,,,,,200
1/9/2024,708,7.5,6.5,,,,,175
1/9/2024,705,7.2,5.51,,,,,125
1/10/2024,708,7.4,5.9,,,,,100
1/10/2024,705,7.1,6.4,,,,,125
1/10/2024,708,7.2,15,,,,,200
1/10/2024,705,7.75,5.75,,,,,100
1/10/2024,701,7.1,12.1,,,,,175
1/10/2024,708,7.6,16,,,,,150
1/10/2024,705,7,4.15,,,,,75
1/11/2024,708,6.5,13.6,,,,,300
1/11/2024,705,6.8,8,,,,,300
1/11/2024,708,7.1,10.2,,,,,250
1/11/2024,705,6.6,8.5,,,,,300
1/11/2024,708,7.1,3.15,,,,,100
1/12/2024,705,7.1,3.75,,,,,150
1/12/2024,708,7.4,6.6,,,,,100
1/12/2024,705,7.3,10.3,,,,,275
1/12/2024,708,7.6,5.3,,,,,100
1/12/2024,701,7.1,7.9,,,,,250
1/12/2024,708,7,17.35,,,,,250
1/12/2024,705,7.2,5.51,,,,,75
1/12/2024,708,7.1,2.51,,,,,100
1/13/2024,705,7.1,3.38,,,,,150
1/13/2024,708,7.5,3.9,,,,,100
1/13/2024,705,7.1,5.58,,,,,125
1/13/2024,708,7,3.4,,,,,125
1/13/2024,701,7.3,9.8,,,,,500
1/13/2024,708,6.9,14.3,,,,,200
1/13/2024,701,7.3,18.3,,,,,175
1/14/2024,708,6.9,6.9,,,,,125
1/14/2024,705,7,5.6,,,,,200
1/14/2024,708,7.2,5.15,,,,,150
1/14/2024,708,7.5,16.15,,,,,175
1/15/2024,708,7,20.1,,,,,300
1/15/2024,701,7.68,6.21,18.3,55.7,22.3,45.9,300
1/15/2024,708,6.96,8.73,44.1,134,53.6,76.5,200
1/15/2024,705,7.8,3.42,23.7,72.2,19,43.9,150
1/15/2024,701,7.2,6.9,24.4,73.7,29.2,21.4,125
1/15/2024,708,7.2,10.55,41.2,125,50.1,46.7,250
1/16/2024,705,7.1,8.1,19.6,54.5,22.6,36.9,200
1/16/2024,708,7,12.3,38.1,56.2,41.3,23.8,300
1/16/2024,705,7,4.85,40.5,42.5,32.6,31.8,100
1/16/2024,708,7.3,4.23,63.5,55.4,43.9,39.8,100
1/16/2024,701,7,10.3,31.9,385,26.4,21.8,175
1/16/2024,708,7.3,3.72,26.3,81.7,32.4,40.2,100
1/17/2024,705,7.3,5.38,31.8,96.2,38.7,50.9,100
1/17/2024,708,7.3,3.6,29.6,89.9,36,54,150
1/17/2024,705,7,14.1,46.8,75.1,39.5,31.7,175
1/17/2024,701,7.3,10.35,62.3,71.5,41.2,26.5,150
1/17/2024,708,7.2,13.4,31.8,53.9,28.4,16.3,125
1/17/2024,701,7.5,5.55,26.2,81.7,32.5,40.6,150
1/17/2024,708,7.2,6.3,25.2,71.5,30.6,24.7,100
1/18/2024,705,6.8,12.7,66.8,165,80.3,120,300
1/18/2024,708,7.3,5.1,24.8,75.5,30,42.3,125
1/18/2024,708,7.1,13.1,45.2,70.4,31.5,28.3,150
1/18/2024,701,7.3,4.9,31.5,38.7,26.3,17.5,100
1/18/2024,708,7.3,5.9,24.2,61.4,26.5,20.4,125
1/18/2024,705,7.2,7.53,38.1,118,47.1,50.1,125
1/19/2024,708,7,7.97,23.7,72.1,28.8,33.9,150
1/19/2024,705,7,11.15,52.6,76.1,45.2,38.4,150
1/19/2024,708,7.1,5.1,46.5,58.4,39.6,31.2,100
1/19/2024,701,7,10.35,48.5,91.3,36.3,26.8,175
1/20/2024,708,7.2,5.55,22.4,46.5,28.7,31.3,75
1/20/2024,705,7,6,21.3,63.4,26.5,28.4,100
1/20/2024,708,7.5,7.1,27.1,82.3,32.9,47.5,150
1/20/2024,705,7.7,9.2,19.5,52.6,27.3,72.3,200
1/20/2024,708,7.4,11.2,28.5,71.3,25.2,24.6,250
1/20/2024,705,7.1,6.5,35.1,10.7,42.7,56.8,200
1/21/2024,708,7.1,4.66,40.6,123,49.4,65.8,175
1/21/2024,705,7.2,9.1,43.1,33.9,52.5,34.7,300
1/21/2024,708,7.5,8,21.5,61.4,30.7,28.4,175
1/21/2024,705,7.7,5,34.5,56.3,22.5,27.4,150
1/21/2024,708,7.3,13.55,35.4,48.1,26.3,21.3,175
1/22/2024,708,7,14.3,21.6,65.7,26.3,41.9,175
1/22/2024,705,7,2.97,17.6,54.9,21.4,39.5,100
1/22/2024,708,7.3,3.95,48.9,122,60,59.8,100
1/22/2024,705,7.3,4.55,25.3,77,30.8,34.6,125
1/22/2024,708,7.3,3.9,20.4,62.1,24.1,38,100
1/22/2024,705,7.1,9.12,22.6,66.9,18.9,26.5,250
1/22/2024,708,7.5,6.35,26.1,48.1,23.9,18.2,100
1/23/2024,705,7.2,4.15,32.3,48.5,26.7,18.2,100
1/23/2024,701,7,6,48.3,61.5,32.5,26.3,75
1/23/2024,708,7.7,4.38,45.1,49.2,38.4,163,100
1/23/2024,708,7.3,9.18,41.4,126,50.3,45.4,200
1/23/2024,701,7.3,5.73,25,80.3,34.1,38.5,125
1/23/2024,705,7.2,4.8,20,41.6,22.4,26.4,100
1/23/2024,708,7.3,8.2,34.2,75.6,41.3,36.5,175
1/23/2024,701,7.5,15.5,310,944,378,38.8,300
1/23/2024,708,7,5.81,21.5,60.3,18.4,26.2,175
1/24/2024,705,7.1,3.77,15.8,48,19.2,52,150
1/24/2024,708,7.7,6,28.6,41.5,31.9,17.5,75
1/24/2024,705,7.3,4.4,19.7,60,24,50.8,125
1/24/2024,708,7.4,5.59,26.8,81.5,32.6,51.5,100
1/24/2024,705,7,3.93,24.4,74.3,29.7,40.1,100
1/24/2024,708,7.4,8.75,27.9,85,34,45.8,125
1/25/2024,705,7,6.15,39.5,61.3,32.4,28.1,100
1/25/2024,708,7.2,12,47.2,46.5,21.5,22.3,175
1/25/2024,705,7.1,13,26.3,48.1,24.5,29,150
1/25/2024,701,7.2,9.11,30.9,110,34.7,40.5,300
1/25/2024,708,7.1,8.1,20.6,62.3,24.5,28.4,200
1/25/2024,705,7.1,5.66,28.9,35.2,32.8,45.6,200
1/25/2024,708,7.1,14.15,68.1,75.4,26.2,31.7,150
1/27/2024,708,7.3,15.35,41.5,78.4,38.6,24.3,150
1/27/2024,701,7.5,11.2,30.5,110,38.7,35.5,200
1/27/2024,708,6.7,6.6,30.2,48.6,25.6,18.5,175
1/27/2024,705,6.9,9.35,34.4,106,42,40.7,200
1/27/2024,708,7.1,4.55,17.3,45.1,22.8,36.8,200
1/27/2024,705,7.2,11.23,29.5,89.6,36,37.9,175
1/28/2024,708,7.2,8,52.6,62.4,45.1,30.4,150
1/28/2024,708,7.3,16.1,52,60.4,31.5,18.9,175
1/28/2024,708,7.4,7,24.3,73.9,29.6,77,200
1/28/2024,708,7.1,8.68,30.8,93.6,37.4,42.5,100
1/29/2024,705,7.4,4.2,27.5,83.5,33.4,95.9,100
1/29/2024,708,7,8.77,25.4,61.2,26.8,24.6,175
1/29/2024,705,7.25,7.88,40.2,122,48.9,140,250
1/29/2024,708,7.3,3.92,21.7,65.9,26.4,36.9,125
1/29/2024,705,7.2,5.65,21.2,38.5,28.9,27.5,300
1/29/2024,708,7.1,5.6,19.7,42.1,22.8,28.6,125
1/30/2024,705,7.4,5.93,28.6,87.1,34.8,35.1,150
1/30/2024,708,7.2,8.3,26.8,70.3,30.1,38.6,200
1/30/2024,705,7.7,2.37,29.5,89.6,35.8,49,75
1/30/2024,708,7.4,2.8,30,125,20.2,45.5,125
1/30/2024,705,7.3,3,48.6,62.4,31.5,16.9,125
1/30/2024,701,7.2,10.35,34.6,61.4,30.9,28.6,175
1/30/2024,708,7,14.25,48.3,76.5,31.7,25.9,150
1/30/2024,705,6.9,9.88,19.5,46.2,26.8,36.3,250
1/30/2024,708,7.4,18.83,24.8,75.4,30.2,49.2,200
1/31/2024,705,7.3,12.7,26.2,79.5,31.8,28.2,300
1/31/2024,701,7,5.87,27.2,82.9,33.1,45.6,100
1/31/2024,708,7.4,3.5,13.4,40.7,16.3,70.4,100
1/31/2024,705,7.16,11.2,26.7,81.7,32.4,46.2,200
1/31/2024,708,7.2,7.8,25.5,77.7,31.1,40.1,250
1/31/2024,705,7.3,5.81,21.4,41.5,26.2,28.4,125
1/31/2024,708,7.2,2.9,45.1,58.4,31.5,21.2,75
1/31/2024,705,6.5,10.3,47,143,57.2,106,100
2/1/2024,708,6.8,6,25.8,61.4,30.2,28.6,150
2/1/2024,701,7.6,9.67,33.5,120,110.8,43.7,300
2/1/2024,708,7.44,13.9,61.4,187,74.7,44.9,250
2/1/2024,705,7.1,7.76,37,112,45,44.5,125
2/1/2024,708,7.7,43.1,48.3,60.4,34.6,22.9,150
2/2/2024,705,7.2,10.19,35.4,108,43,40.2,175
2/2/2024,708,7,6.1,24.2,75.4,30.6,38.3,150
2/2/2024,705,7.1,5.7,24.3,74.4,29.5,40.5,150
2/2/2024,708,7.2,12.8,25.9,78.9,31.6,42.4,150
2/2/2024,701,7,9.95,51.3,62.4,42.6,28.4,150
2/2/2024,708,7.1,7.18,25.2,76.8,30.7,47.8,150
2/2/2024,705,7,4.2,25.2,39.6,31.4,24.6,100
2/3/2024,708,7.8,9.5,25.7,71.6,30.5,28.7,175
2/3/2024,705,7.2,4.15,38.3,85.9,35.3,52,100
2/3/2024,708,7.4,5.62,29.1,88.4,35.4,38.1,100
2/3/2024,705,7.1,3.15,48.9,45.3,52.4,43,125
2/3/2024,701,7,10.15,32.4,38.9,29.8,20.2,150
2/4/2024,708,8.5,15.1,99.5,150,102,104,200
2/4/2024,705,7.2,9.3,22.9,56.8,29.6,62.8,200
2/4/2024,708,7.28,9.74,24.7,75,30,65.3,200
2/4/2024,705,7.5,7.3,54.9,63.4,32.3,19.6,175
2/5/2024,708,7.43,7.24,18.4,56,22.4,48.8,125
2/5/2024,705,6.82,5.21,47.4,144,57.7,90.9,300
2/5/2024,708,6.5,3.6,534,163,65,80.9,300
2/5/2024,705,7.1,4.69,31.4,95.4,38.2,83.5,350
2/5/2024,708,7.2,1.839,21.8,66.3,26.5,39,125
2/5/2024,705,7,4.45,28.6,95.9,29.9,28.2,100
2/6/2024,708,7.1,10.81,31.7,96.1,38.7,40.2,300
2/6/2024,705,7.1,3.92,28.4,86.4,34.6,43.5,100
2/6/2024,708,7.2,4,34.6,105,42.1,16.9,100
2/6/2024,705,7.2,4.17,41.3,68.5,40,35.9,75
2/6/2024,708,7,16.3,31.8,38.5,29.3,17.4,175
2/6/2024,701,7.2,10.7,42.7,71.3,37.9,26.3,150
2/7/2024,708,7,5.5,18.9,56.2,22.3,35.8,125
2/7/2024,705,7.2,4.9,16,48.7,19.5,36.3,75
2/7/2024,708,7.2,5.45,43.1,131,52.4,49.4,125
2/7/2024,705,7.1,4.15,36.9,61.5,38.4,21.6,100
2/7/2024,708,7.2,4.71,43.5,56.2,32.4,16.8,75
2/7/2024,701,7,9.4,38.9,79.7,42.4,29.9,200
2/8/2024,708,6.82,8.3,29.9,91.1,36.4,72.2,125
2/8/2024,705,7.42,2.7,18.9,57.4,23,44.6,100
2/8/2024,708,7.1,4.31,48.5,61.3,28.4,21.5,125
2/8/2024,705,7,4.18,40.3,55.8,33.7,31.5,75
2/8/2024,708,7,16.45,51.6,65.2,38.4,35.4,175
2/8/2024,705,7.6,8.55,28.5,62.3,30.1,38.6,200
2/8/2024,708,7.3,7.36,20.4,61.9,24.8,39.9,100
2/9/2024,705,7.1,6.24,21.4,62.2,26.1,39.3,125
2/9/2024,708,7.3,7.32,19.1,58,29.2,39,300
2/9/2024,705,7.1,4.15,52.9,71.1,39.8,33.4,150
2/9/2024,708,7.4,5.31,33.9,30.5,16.5,13.4,125
2/9/2024,705,7,7.15,31.8,38.2,27.9,21.5,150
2/9/2024,708,7.1,4.18,30.5,45.1,26.2,15.3,125
2/9/2024,705,7.2,6.7,21.8,66.2,26.5,18.7,75
2/10/2024,708,7.56,3.32,20.5,62.4,25,36.6,125
2/10/2024,705,7.5,4.74,20.2,61.4,24.6,39.5,150
2/10/2024,708,7.5,4.52,19.6,59.7,23.9,39.8,125
2/10/2024,705,7,8,48.1,66.5,37.3,18.4,100
2/10/2024,708,7,3.1,40.2,51.6,30.7,21.9,125
2/10/2024,708,7.3,5.28,31.2,46.5,28.3,26.6,150
2/11/2024,708,7.1,3.5,32.9,100,40,42.5,125
2/11/2024,705,7.3,4,50.3,150,43.1,120,200
2/11/2024,708,6.9,12.1,32.9,88.4,46.8,58.2,300
2/11/2024,705,6.8,11.55,49.4,110,58.5,85.2,250
2/11/2024,708,7.3,11.4,43.9,76.5,35.2,21.6,175
2/11/2024,705,7.1,7.15,36.9,49.5,31.8,46.2,150
2/11/2024,708,7.3,5.3,38.2,41.5,21.5,16.3,125
2/12/2024,708,7.1,5.23,22.4,68,27.2,42.4,150
2/12/2024,705,7.3,4.37,20.7,63.1,25.2,58.2,150
2/12/2024,708,7.1,10.2,48.2,50.3,38.3,120,250
2/12/2024,708,7.5,9.4,70.9,45.8,40.5,46.8,200
2/12/2024,705,7,6.4,57.4,296,119,131,175
2/12/2024,708,7,4.98,25.5,77,31,49.7,200
2/12/2024,705,7.1,4.85,27.6,45.2,32.4,36.3,200
2/13/2024,708,7,15.1,39.5,46.2,31.8,27.9,150
2/13/2024,705,7.1,7.35,46.3,51.8,29.7,16.5,125
2/13/2024,708,7.2,5.4,24.8,75.5,30.2,58.8,125
2/13/2024,705,7.6,4.84,25.3,78.4,31.4,69.6,100
2/13/2024,708,7,4.92,22.9,54.8,27.4,24.8,125
2/13/2024,705,7.2,11.15,27.5,56.4,34.3,62.8,300
2/13/2024,705,7.3,7.15,28.4,60.1,21.3,26.5,150
2/14/2024,708,8.3,5.37,52.7,69.3,27.7,30.4,100
2/14/2024,708,7.1,5.48,38.7,51.5,29.8,26.5,75
2/14/2024,705,8.5,9.15,40.2,48.6,36.5,28.1,150
2/14/2024,708,7.1,6.9,29.5,90.3,35.9,36.4,125
2/14/2024,708,7.5,4.92,21.6,65.3,26.1,38.4,100
2/14/2024,705,7,7.18,22.9,68.9,27.8,46.3,300
2/14/2024,708,7.8,20.6,12.7,38.7,15.5,122,200
2/15/2024,705,7,6,41.8,60.4,37.5,21.2,75
2/15/2024,708,7.3,13.9,31.5,48.6,24.9,27.8,175
2/15/2024,705,7,3.95,35.2,42.4,39.6,17.4,125
2/15/2024,708,7.4,8.35,35.6,72.4,32.9,30.5,200
2/15/2024,705,7.3,6.5,27.2,82.8,33.1,54.2,150
2/15/2024,708,7,5.15,19.8,46.9,22.7,26.9,125
2/16/2024,705,7.3,15.2,35.4,38.6,29.3,16.8,150
2/16/2024,708,7.1,4.15,31.5,36.2,27.4,15.2,100
2/16/2024,705,7,5.9,36.9,47.4,31.2,26.3,100
2/16/2024,701,7.4,11.4,39.7,91.4,44.9,26.8,250
2/16/2024,708,7.2,4.65,14.7,44.6,17.8,49.5,125
2/16/2024,705,7.7,6.9,16.9,51.4,20.6,49.2,100
2/16/2024,708,7.4,6.2,41.2,76.3,35.4,26.5,75
2/17/2024,705,7.1,5.81,52.3,71.4,48.7,37.5,100
2/17/2024,708,7.2,5.6,33.5,46.3,27.9,18.4,75
2/17/2024,705,7.2,3.95,38.4,105,25.7,80.3,100
2/17/2024,708,7.1,28.3,33.8,103,41.1,81.8,250
2/17/2024,705,7.2,9.5,30.3,92.3,36.9,49.1,300
2/17/2024,708,7.5,12.47,29.7,90.3,36.1,58.2,150
2/17/2024,705,7.3,8.8,34.2,90.3,14.6,52.5,175
2/17/2024,708,7.3,8.2,26.9,64.5,31.8,56.6,150
2/18/2024,705,7,8,51.3,62.4,48.6,35.2,150
2/18/2024,708,7.3,10.17,32.8,45.2,26.9,18.2,125
2/19/2024,708,7.5,7.27,15.9,48.3,19.3,39,200
2/20/2024,701,7.6,4,24.3,70.6,26.5,28.9,200
2/20/2024,708,7.2,4.6,25,60.2,28.6,23.3,100
2/20/2024,705,7.3,11,28,76,37.1,90,125
2/20/2024,78,7.1,4.15,27.4,38.5,21.5,16.9,100
2/20/2024,705,7.1,9,35.2,41.6,28.4,17.1,125
2/20/2024,708,7.3,12,41.5,46.3,39.9,23.5,150
2/21/2024,705,7.1,6.2,25.9,64.8,28.6,22.7,150
2/21/2024,708,6.9,16.7,23.5,71,28.3,37.5,200
2/21/2024,705,7.3,7.8,29.3,89.2,35.7,56.1,225
2/21/2024,708,7.4,5.9,22.6,68.6,27.4,39.7,100
2/21/2024,705,7.6,11.22,25.2,76.5,30.6,74.1,150
2/21/2024,708,7.2,5.81,31.6,35.9,28.4,16.5,75
2/21/2024,705,7,5.24,31.3,48.5,37.5,19.8,100
2/21/2024,708,6.8,8.3,35,60.4,29.2,32.5,200
2/22/2024,705,7,4.9,25.4,61.2,27.8,22.6,150
2/22/2024,708,7.2,5.3,30,91.2,36.5,116,150
2/22/2024,705,7.1,4.8,21.7,66.2,26.9,47.6,150
2/22/2024,701,7.1,32.4,58.6,61.5,45.1,28.4,175
2/22/2024,708,7,4.33,31.7,46.5,28.5,26.3,100
2/22/2024,705,7,1.84,48.2,61.6,22.9,18.5,75
2/22/2024,708,7.3,16.3,32.4,35.7,28.7,16.5,150
2/23/2024,708,8.1,4,20.2,48.5,18.4,35.3,100
2/23/2024,705,7.1,10.53,18.8,52.1,23.8,50.4,125
2/23/2024,708,7.4,7.1,17.5,53.2,21.3,45.8,150
2/23/2024,701,7.2,7.3,38.5,41.5,31.9,30.4,150
2/23/2024,708,7,5.81,45.2,52.6,30.2,16.3,75
2/23/2024,701,7.2,5.3,37.5,41.3,27.3,28.4,100
2/24/2024,708,7.2,4.9,20.1,63.2,25.9,38.4,150
2/24/2024,701,7.7,3.75,21.2,63.2,25.9,46.8,100
2/24/2024,708,7.5,7.1,21,63.8,25,48.6,125
2/24/2024,705,7.3,5.66,21.8,66.4,26.3,42.8,200
2/24/2024,708,7.3,3.18,21.5,65.4,26.4,40.3,300
2/24/2024,705,7,6.25,28.5,31.5,21.3,16.5,150
2/24/2024,701,7.2,9,31.8,48.1,26.9,27.3,175
2/24/2024,708,7,1.93,43.5,50.4,31.6,25.3,125
2/25/2024,701,8.2,6.5,26.9,71.7,32.7,52,125
2/25/2024,708,7.2,5.8,26.1,75.2,32.4,59.9,150
2/25/2024,701,7,6.3,42.3,48.5,30.2,19.5,75
2/25/2024,708,7,15,39.5,45.1,31.7,19.8,125
2/26/2024,701,8.2,1.722,17.3,52.5,21,39,100
2/26/2024,705,7.2,4.81,29.6,90,36,53.7,150
2/26/2024,708,6.8,4.2,62.9,132,79.5,106,250
2/26/2024,701,7,6.61,22.1,67.1,26.9,40.9,100
2/26/2024,708,7.1,4.6,26.4,65.8,28.6,20.2,150
2/26/2024,701,7,4.45,25.3,76.5,30.4,24.8,125
2/26/2024,705,7,13.2,35.7,81.2,40.1,26.7,200
2/27/2024,708,7.3,9.8,28,85.1,34.3,40.9,200
2/27/2024,705,7,6,33.2,103,41.3,57.3,250
2/27/2024,701,7.4,3.3,25.5,77.5,31.6,42.4,150
2/27/2024,708,7,6,51.5,60.4,38.6,27.3,75
2/27/2024,705,7.2,5.81,48.1,43.5,25.3,18.4,100
2/27/2024,708,7.4,5.51,31.3,41.8,16.5,13.1,100
2/27/2024,705,7.2,5.91,27.5,82.7,33,50.2,125
2/28/2024,708,7.5,3.14,21.5,65.3,26.1,38.8,100
2/28/2024,705,7.1,4.57,21.5,65.3,26.1,37.7,150
2/28/2024,701,7.1,3.35,46.2,61.5,29.6,18.4,75
2/28/2024,708,7.6,4.15,48.6,61.5,37.9,26.5,100
2/28/2024,708,7.4,5,45.2,43.9,31.5,27.4,75
2/28/2024,708,7,17.3,47.3,61.5,32.4,30.9,175
2/28/2024,705,7,2.1,24.8,51.6,26.3,22.6,100
2/29/2024,708,6.5,8.6,56.9,152,68.6,82.9,250
2/29/2024,705,7.1,5.6,25.1,76.3,30.6,50.3,150
2/29/2024,701,7.2,2.8,22.9,69.2,49.3,79.9,125
2/29/2024,708,7.3,4,36.5,65.1,21.3,13.5,75
2/29/2024,701,7.2,10.33,39.5,47.6,41.2,25.7,200
2/29/2024,708,7.4,6.37,34.1,104,41.7,37.5,100
2/29/2024,705,7,2.5,35.3,121,45.9,49.2,250
3/1/2024,701,7.5,9.74,29.3,89.1,35.6,35.7,300
3/1/2024,708,7.2,14.32,21.5,65.3,26.1,36,300
3/1/2024,705,6.8,5.15,16.9,46.8,18.5,27.5,150
3/1/2024,701,7.3,4.33,26.5,43.9,28.4,19.3,75
3/1/2024,708,7.2,8.1,25.4,38.9,26.2,28.4,200
3/1/2024,705,7.1,6.84,19.7,59.8,23.9,39,175
3/2/2024,708,7.2,6.1,20.6,62.7,25.1,36.6,125
3/2/2024,701,8.7,8.68,15.3,46.5,18.6,35.1,150
3/2/2024,708,7.2,6.8,16.9,51.6,20.6,39.6,150
3/2/2024,705,7.3,7.53,17.5,53.3,21.3,13.3,150
3/2/2024,708,7.2,5.33,35.2,41.8,30.5,16.2,125
3/2/2024,705,7.1,4.15,35.4,48.6,31.8,19.6,100
3/2/2024,708,7.5,5,26.8,61.3,25.2,20.4,125
3/3/2024,705,7.2,8,39.5,53.2,31.3,18.3,150
3/3/2024,708,7.4,4.28,42.5,48.9,35.4,21.8,100
3/3/2024,701,7,10.15,51.5,78.6,46.2,28.5,175
3/4/2024,708,7,14,53.4,61.2,38.5,17.3,125
3/4/2024,705,7.1,2.4,21.1,67.3,26.9,116,250
3/4/2024,701,6.8,3.2,87.6,260,107,124,300
3/4/2024,705,6.8,5.6,31.9,88.9,44.5,67.8,250
3/4/2024,708,7,2.48,13.6,41.4,16.6,27.7,100
3/4/2024,701,7.1,6.1,25.8,51.6,28.6,24.2,125
3/4/2024,708,7.5,11.2,27.7,84.3,33.7,35.8,200
3/5/2024,705,6.3,11.81,23.4,71.6,28.5,64.5,300
3/5/2024,708,7.2,3.77,31.2,38.7,40.6,18.5,75
3/5/2024,708,7.1,5.75,31.8,56.8,25.4,28.4,250
3/5/2024,705,7.2,10.33,17.3,52.6,21.1,32,150
3/5/2024,708,7,5.5,21,64,25.6,31.4,150
3/5/2024,705,7,3.53,22.4,68.1,27.2,55.5,175
3/5/2024,708,7.2,4.7,28.2,85.8,34.3,35.9,175
3/5/2024,705,7.2,5,35.2,76.4,31.4,16.8,100
3/5/2024,701,7.5,10.91,36.4,62.6,32.3,50.7,125
3/6/2024,701,7.2,3.81,33.9,48.5,30.6,26.5,75
3/6/2024,708,7.7,4.65,35.3,41.5,33.9,17.5,100
3/6/2024,705,7,8.3,46.9,70.5,30.7,25.4,150
3/6/2024,701,7.2,1.848,17.6,53.7,21.5,29.5,125
3/6/2024,705,7,13.21,21.7,65.4,26.4,56.7,100
3/6/2024,708,7.3,17.96,27.3,83.1,33.2,112,150
3/6/2024,705,7.5,7.6,24,73,29.2,115,150
3/7/2024,708,7,6.25,32.5,43.7,36.8,19.4,125
3/7/2024,705,6.5,4.45,29.5,65.2,32.6,18.4,100
3/7/2024,708,7,9.15,37.6,49.1,28.5,21.4,150
3/7/2024,701,7.3,5.3,26.6,80.9,32.4,166,125
3/7/2024,705,7.3,6.23,32.2,101,40.3,184,100
3/7/2024,708,7.1,25.2,37,112,45,214,250
3/7/2024,705,7.3,5.65,22.5,68.3,27.3,50.4,125
3/7/2024,708,7.5,12.35,26,79.1,31.6,65,150
3/8/2024,701,7.1,8.2,27,82.1,32.8,76.9,200
3/8/2024,708,7,7,16.2,49.2,19.7,46.8,150
3/8/2024,705,7,9.9,20.2,64.5,25.4,38.8,200
3/8/2024,708,7.2,21.6,19.6,44.9,24.8,160,250
3/8/2024,701,7,33.7,61.5,78.4,46.3,38.5,175
3/8/2024,708,7.4,9,38.9,48.9,31.7,17.3,150
3/9/2024,705,6.9,18.1,32.5,98.9,39.6,102,250
3/9/2024,708,7.2,13.2,26.8,81.5,32.6,73.9,250
3/9/2024,701,7.4,13.2,69.4,211,84.4,79.5,250
3/9/2024,708,8.1,8.3,39.1,45.1,30.6,18.1,125
3/9/2024,701,7,7.3,48.7,61.5,39.7,16.1,150
3/9/2024,708,7.2,17.2,53.6,51.3,42.1,37.4,175
3/9/2024,701,7.2,9.5,26.6,72.9,32.4,68.9,150
3/9/2024,705,7,10.15,46.1,49.5,37.4,18.5,125
3/10/2024,708,7.4,9.15,38.7,43.5,31.3,18.7,150
3/10/2024,701,7.2,16.11,35,106,42.6,196,150
3/10/2024,708,7.5,10.8,22.8,69.4,27.8,37.5,150
3/11/2024,701,7.3,7.2,32.2,84,40.2,51,150
3/11/2024,708,7,10.55,23.4,71.1,28.4,45,150
3/11/2024,705,7.2,18.4,26.8,81.5,32.6,77.4,200
3/11/2024,701,7,11.56,26.2,799.7,31.9,51.6,150
3/11/2024,708,7.1,9.22,19.8,36.9,24.6,56.8,250
3/11/2024,705,7.2,10.67,26.8,81.6,32.6,62.1,250
2/12/2024,708,7.1,10.2,26.6,80.8,32.2,58.1,200
2/12/2024,705,7.1,11.32,30.2,92,44.9,36.8,250
2/12/2024,708,7.5,2.72,29.4,89.4,35.8,28.7,150
2/12/2024,705,7,11.1,26.8,63.9,29.5,62.8,250
2/12/2024,701,7.5,3.5,26.8,81.5,32.6,35.1,100
2/12/2024,708,7.1,3,41.5,66.3,30.2,28.4,75
2/12/2024,701,7,3.91,32.6,78.4,38.4,17.5,100
2/12/2024,708,7.3,1.963,43.5,52.3,39.7,33.9,75
3/13/2024,705,7.2,5.7,25,76,30.4,39,125
3/13/2024,701,7.2,2.71,32.6,99.1,39.6,28.9,125
3/13/2024,708,7.5,3.25,22.3,67.2,26.1,30.2,100
3/13/2024,705,7.3,9.2,23,70,28,40.7,250
3/13/2024,708,7.7,3,48.5,33.9,31.8,26.2,75
3/14/2024,701,6.2,6.96,33.7,103,41,87.2,150
3/14/2024,705,7.2,6.7,19.8,60.2,24.1,41.9,100
3/14/2024,708,7.1,2.75,14.1,45.6,18.5,29.4,150
3/14/2024,705,6.8,9.17,35.8,85.2,48.2,29.4,250
3/14/2024,701,7.4,10.15,45.1,31.7,41.3,35.3,175
3/14/2024,708,6.9,16.13,35.4,41.8,48.1,31.2,150
3/14/2024,701,7,1.8,46.8,50.2,25.4,22.9,75
3/15/2024,708,7.1,1.367,19.6,59.7,23.9,45,100
3/15/2024,705,6.9,4,28.5,86.6,34.7,29.5,150
3/15/2024,708,7.1,5.3,71.3,61.5,39.8,27.3,150
3/15/2024,701,7,9.15,54.3,60.5,30.5,31.6,175
3/15/2024,708,8.5,8.9,19.6,42.8,24.4,62.7,200
3/16/2024,705,7.1,1.68,15.3,46.4,18.6,35.2,100
3/16/2024,708,7.7,1.975,18.1,55,22,41.6,75
3/16/2024,705,7.1,2.9,22.6,56.8,29.3,72.5,250
3/16/2024,701,8.5,2.8,32.1,97.6,39.1,41.9,150
3/16/2024,708,7.2,13.75,40.6,42.5,31.5,19.3,125
3/16/2024,701,7,5,33.6,47.2,28.4,15.2,100
3/16/2024,708,6.9,4.4,52.6,61.6,38.5,19.4,150
3/17/2024,701,7.3,3.2,32.1,97.7,39.4,49.1,200
3/17/2024,708,7,5,40.5,71.2,57.6,35.1,150
3/18/2024,701,7.1,7.2,26.3,80.9,32.9,68.4,200
3/18/2024,708,7.2,3.66,21.2,64.6,25.8,54.9,125
3/18/2024,705,7.2,1.76,43.2,110,52.5,95,200
3/18/2024,701,6.8,2.59,42.9,131,52.2,120,200
3/18/2024,708,7.3,9.81,36.5,111,44.4,94.8,250
3/18/2024,705,7.2,2.37,26.9,82,32.8,73.4,100
3/18/2024,708,7.5,2.61,30.1,91.7,36.6,80.9,125
3/18/2024,705,7,2.1,22.4,68.2,27.3,27.5,150
3/19/2024,708,7.2,1.719,21.8,66.4,26.6,28.8,125
3/19/2024,701,7.3,8.2,24.5,74.5,29.1,39.9,150
3/19/2024,705,7,10.4,45.8,139,55.7,238,125
3/19/2024,708,7.1,6,48.3,75.1,41.5,36.9,100
3/19/2024,701,6.9,11.3,39.2,43.9,31.4,23.9,150
3/19/2024,708,6.9,15.2,61.3,71.4,32.4,27.2,175
3/19/2024,708,7,7.28,29.2,88.7,35.5,50.6,150
3/19/2024,705,7,8,40.2,91,51,48,200
3/20/2024,708,7.4,5.45,62.4,75.3,48.7,21.9,75
3/20/2024,701,7.5,15.39,20.6,62.6,25.1,42.3,100
3/20/2024,708,6.9,20.1,38.6,71.6,42.8,30.2,200
3/20/2024,708,7.2,17.5,25.1,76.4,30.6,70.8,250
3/20/2024,705,7,4,48.3,66.5,38.6,27.9,100
3/21/2024,708,7.3,3.41,41.6,45.7,34.8,26.3,75
3/21/2024,705,7.5,6,14.8,45.6,18,50,75
3/21/2024,708,7.3,18.4,65.2,80.5,74.6,96.5,200
3/21/2024,701,7.6,3,27.2,84.4,34.6,24.7,150
3/21/2024,708,7.5,11.1,25.3,76.8,30.7,131,300
3/21/2024,705,7.2,2.3,27.6,84.1,33.6,121,125
